6250	6277	false	Lean.Parser.Command.set_option
6278	6305	false	Lean.Parser.Command.set_option
6306	6327	false	Lean.Parser.Command.section
6328	6371	false	Lean.Parser.Command.open
6372	6385	false	Lean.Parser.Command.namespace
6386	6397	false	Lean.Parser.Command.open
6398	6649	false	Lean.Parser.Command.declaration
6650	6700	false	Lean.Parser.Command.declaration
6701	6770	false	Lean.Parser.Command.declaration
6771	6862	false	Lean.Parser.Command.declaration
6863	6885	false	Lean.Parser.Command.declaration
6886	6996	false	Lean.Parser.Command.declaration
6997	7062	false	Lean.Parser.Command.declaration
7063	7168	true	Lean.Parser.Command.declaration
7169	7281	false	Lean.Parser.Command.declaration
7282	7336	true	Lean.Parser.Command.declaration
7337	7400	true	Lean.Parser.Command.declaration
7401	7459	true	Lean.Parser.Command.declaration
7460	7548	true	Lean.Parser.Command.declaration
7549	7652	false	Lean.Parser.Command.declaration
7653	7807	true	Lean.Parser.Command.declaration
7808	7994	true	Lean.Parser.Command.declaration
7995	8264	true	Lean.Parser.Command.declaration
8265	8399	true	Lean.Parser.Command.declaration
8400	8558	true	Lean.Parser.Command.declaration
8559	8849	true	Lean.Parser.Command.declaration
8850	9095	true	Lean.Parser.Command.declaration
9096	9333	true	Lean.Parser.Command.declaration
9334	9507	true	Lean.Parser.Command.declaration
9508	9575	true	Lean.Parser.Command.declaration
9576	9745	true	Lean.Parser.Command.declaration
9746	9850	false	Lean.Parser.Command.declaration
9851	9960	false	Lean.Parser.Command.declaration
9961	10503	true	Lean.Parser.Command.declaration
10504	11089	true	Lean.Parser.Command.declaration
11090	11179	true	Lean.Parser.Command.declaration
11180	11528	true	Lean.Parser.Command.declaration
11529	12406	true	Lean.Parser.Command.declaration
12407	12948	true	Lean.Parser.Command.declaration
12949	13832	true	Lean.Parser.Command.declaration
13833	13886	false	Lean.Parser.Command.declaration
13887	13905	false	Lean.Parser.Command.variable
13906	13971	true	Lean.Parser.Command.declaration
13972	14059	true	Lean.Parser.Command.declaration
14060	14124	true	Lean.Parser.Command.declaration
14125	14225	true	Lean.Parser.Command.declaration
14226	14382	true	Lean.Parser.Command.declaration
14383	14533	true	Lean.Parser.Command.declaration
14534	14731	true	Lean.Parser.Command.declaration
14732	14999	true	Lean.Parser.Command.declaration
15000	15129	true	Lean.Parser.Command.declaration
15130	15321	true	Lean.Parser.Command.declaration
15322	15359	false	Lean.Parser.Command.variable
15360	15484	true	Lean.Parser.Command.declaration
15485	15614	true	Lean.Parser.Command.declaration
15615	15877	true	Lean.Parser.Command.declaration
15878	16052	true	Lean.Parser.Command.declaration
16053	17079	true	Lean.Parser.Command.declaration
17080	17232	true	Lean.Parser.Command.declaration
17233	17627	true	Lean.Parser.Command.declaration
17628	17635	false	Lean.Parser.Command.end
17636	17639	false	Lean.Parser.Command.end
17640	17661	false	Lean.Parser.Command.section
17662	17689	false	Lean.Parser.Command.open
17690	17703	false	Lean.Parser.Command.namespace
17704	17797	false	Lean.Parser.Command.declaration
17798	17847	false	Lean.Parser.Command.declaration
17848	17890	false	Lean.Parser.Command.declaration
17891	18053	true	Lean.Parser.Command.declaration
18054	18117	true	Lean.Parser.Command.declaration
18118	18285	true	Lean.Parser.Command.declaration
18286	18381	true	Lean.Parser.Command.declaration
18382	18616	true	Lean.Parser.Command.declaration
18617	19427	true	Lean.Parser.Command.declaration
19428	19886	true	Lean.Parser.Command.declaration
19887	21538	true	Lean.Parser.Command.declaration
21539	21660	false	Lean.Parser.Command.declaration
21661	22135	true	Lean.Parser.Command.declaration
22136	23393	true	Lean.Parser.Command.declaration
23394	23552	false	Lean.Parser.Command.declaration
23553	24069	true	Lean.Parser.Command.declaration
24070	24583	true	Lean.Parser.Command.declaration
24584	26256	true	Lean.Parser.Command.declaration
26257	26264	false	Lean.Parser.Command.end
26265	26268	false	Lean.Parser.Command.end
26269	26290	false	Lean.Parser.Command.section
26291	26334	false	Lean.Parser.Command.open
26335	26348	false	Lean.Parser.Command.namespace
26349	26360	false	Lean.Parser.Command.open
26361	26445	false	Lean.Parser.Command.declaration
26446	26507	false	Lean.Parser.Command.declaration
26508	26573	false	Lean.Parser.Command.declaration
26574	26642	false	Lean.Parser.Command.declaration
26643	31647	true	Lean.Parser.Command.declaration
31648	32027	true	Lean.Parser.Command.declaration
32028	32304	true	Lean.Parser.Command.declaration
32305	32442	true	Lean.Parser.Command.declaration
32443	32562	true	Lean.Parser.Command.declaration
32563	32602	false	Lean.Parser.Command.variable
32603	32916	true	Lean.Parser.Command.declaration
32917	33213	true	Lean.Parser.Command.declaration
33214	34613	true	Lean.Parser.Command.declaration
34614	36416	true	Lean.Parser.Command.declaration
36417	36496	false	Lean.Parser.Command.declaration
36497	36672	true	Lean.Parser.Command.declaration
36673	36899	true	Lean.Parser.Command.declaration
36900	37023	true	Lean.Parser.Command.declaration
37024	37213	true	Lean.Parser.Command.declaration
37214	41356	true	Lean.Parser.Command.declaration
41357	41962	true	Lean.Parser.Command.declaration
41963	46754	true	Lean.Parser.Command.declaration
46755	48517	true	Lean.Parser.Command.declaration
48518	48890	true	Lean.Parser.Command.declaration
48891	52082	true	Lean.Parser.Command.declaration
52083	52256	true	Lean.Parser.Command.declaration
52257	52560	true	Lean.Parser.Command.declaration
52561	52792	true	Lean.Parser.Command.declaration
52793	53078	true	Lean.Parser.Command.declaration
53079	53326	true	Lean.Parser.Command.declaration
53327	53626	true	Lean.Parser.Command.declaration
53627	53926	true	Lean.Parser.Command.declaration
53927	54280	true	Lean.Parser.Command.declaration
54281	54847	true	Lean.Parser.Command.declaration
54848	55038	true	Lean.Parser.Command.declaration
55039	55046	false	Lean.Parser.Command.end
55047	55050	false	Lean.Parser.Command.end
55051	55072	false	Lean.Parser.Command.section
55073	55107	false	Lean.Parser.Command.open
55108	55121	false	Lean.Parser.Command.namespace
55122	55134	false	Lean.Parser.Command.section
55135	55171	false	Lean.Parser.Command.variable
55172	55252	false	Lean.Parser.Command.declaration
55253	55364	true	Lean.Parser.Command.declaration
55365	55625	true	Lean.Parser.Command.declaration
55626	55897	true	Lean.Parser.Command.declaration
55898	55976	false	Lean.Parser.Command.declaration
55977	56426	true	Lean.Parser.Command.declaration
56427	56831	true	Lean.Parser.Command.declaration
56832	58093	true	Lean.Parser.Command.declaration
58094	60151	true	Lean.Parser.Command.declaration
60152	62906	true	Lean.Parser.Command.declaration
62907	62915	false	Lean.Parser.Command.end
62916	63157	true	Lean.Parser.Command.declaration
63158	63165	false	Lean.Parser.Command.end
63166	63169	false	Lean.Parser.Command.end
63170	63191	false	Lean.Parser.Command.section
63192	63226	false	Lean.Parser.Command.open
63227	63240	false	Lean.Parser.Command.namespace
63241	63252	false	Lean.Parser.Command.open
63253	63578	true	Lean.Parser.Command.declaration
63579	63775	true	Lean.Parser.Command.declaration
63776	63989	true	Lean.Parser.Command.declaration
63990	64430	true	Lean.Parser.Command.declaration
64431	64509	true	Lean.Parser.Command.declaration
64510	64798	true	Lean.Parser.Command.declaration
64799	65101	true	Lean.Parser.Command.declaration
65102	66700	true	Lean.Parser.Command.declaration
66701	66832	false	Lean.Parser.Command.declaration
66833	67156	true	Lean.Parser.Command.declaration
67157	68602	true	Lean.Parser.Command.declaration
68603	69393	true	Lean.Parser.Command.declaration
69394	70182	true	Lean.Parser.Command.declaration
70183	72535	true	Lean.Parser.Command.declaration
72536	72582	false	Lean.Parser.Command.declaration
72583	72658	false	Lean.Parser.Command.declaration
72659	72736	true	Lean.Parser.Command.declaration
72737	72952	true	Lean.Parser.Command.declaration
72953	74968	true	Lean.Parser.Command.declaration
74969	75152	false	Lean.Parser.Command.declaration
75153	75268	false	Lean.Parser.Command.declaration
75269	75403	true	Lean.Parser.Command.declaration
75404	76087	true	Lean.Parser.Command.declaration
76088	76999	true	Lean.Parser.Command.declaration
77000	78661	true	Lean.Parser.Command.declaration
78662	79211	true	Lean.Parser.Command.declaration
79212	79316	false	Lean.Parser.Command.declaration
79317	83466	true	Lean.Parser.Command.declaration
83467	83522	false	Lean.Parser.Command.declaration
83523	83742	true	Lean.Parser.Command.declaration
83743	85430	true	Lean.Parser.Command.declaration
85431	85438	false	Lean.Parser.Command.end
85439	85442	false	Lean.Parser.Command.end
85443	85464	false	Lean.Parser.Command.section
85465	85508	false	Lean.Parser.Command.open
85509	85522	false	Lean.Parser.Command.namespace
85523	85534	false	Lean.Parser.Command.open
85535	87573	true	Lean.Parser.Command.declaration
87574	87875	true	Lean.Parser.Command.declaration
87876	88533	true	Lean.Parser.Command.declaration
88534	89233	true	Lean.Parser.Command.declaration
89234	89372	false	Lean.Parser.Command.declaration
89373	89868	true	Lean.Parser.Command.declaration
89869	90322	true	Lean.Parser.Command.declaration
90323	90625	true	Lean.Parser.Command.declaration
90626	91922	true	Lean.Parser.Command.declaration
91923	92032	true	Lean.Parser.Command.declaration
92033	92288	true	Lean.Parser.Command.declaration
92289	93638	true	Lean.Parser.Command.declaration
93639	94012	true	Lean.Parser.Command.declaration
94013	94221	true	Lean.Parser.Command.declaration
94222	94229	false	Lean.Parser.Command.end
94230	94233	false	Lean.Parser.Command.end
94234	94255	false	Lean.Parser.Command.section
94256	94265	false	Lean.Parser.Command.open
94266	94279	false	Lean.Parser.Command.namespace
94280	94291	false	Lean.Parser.Command.open
94292	94413	false	Lean.Parser.Command.declaration
94414	94425	false	Lean.Parser.Command.section
94426	94483	false	Lean.Parser.Command.variable
94484	94534	true	Lean.Parser.Command.declaration
94535	94619	true	Lean.Parser.Command.declaration
94620	94627	false	Lean.Parser.Command.end
94628	94675	false	Lean.Parser.Command.variable
94676	95080	true	Lean.Parser.Command.declaration
95081	95231	true	Lean.Parser.Command.declaration
95232	95239	false	Lean.Parser.Command.section
95240	95305	false	Lean.Parser.Command.variable
95306	95320	false	Lean.Parser.Command.include
95321	95471	true	Lean.Parser.Command.declaration
95472	95631	true	Lean.Parser.Command.declaration
95632	95776	true	Lean.Parser.Command.declaration
95777	95925	true	Lean.Parser.Command.declaration
95926	96126	true	Lean.Parser.Command.declaration
96127	96333	true	Lean.Parser.Command.declaration
96334	96337	false	Lean.Parser.Command.end
96338	96345	false	Lean.Parser.Command.end
96346	96349	false	Lean.Parser.Command.end
96350	96371	false	Lean.Parser.Command.section
96372	96381	false	Lean.Parser.Command.open
96382	96395	false	Lean.Parser.Command.namespace
96396	98437	true	Lean.Parser.Command.declaration
98438	98561	false	Lean.Parser.Command.declaration
98562	98695	false	Lean.Parser.Command.declaration
98696	98727	false	Lean.Parser.Command.declaration
98728	98805	false	Lean.Parser.Command.declaration
98806	98883	false	Lean.Parser.Command.declaration
98884	99044	true	Lean.Parser.Command.declaration
99045	99204	true	Lean.Parser.Command.declaration
99205	99392	true	Lean.Parser.Command.declaration
99393	99590	true	Lean.Parser.Command.declaration
99591	99687	true	Lean.Parser.Command.declaration
99688	99887	true	lemma
99888	99969	true	lemma
99970	100449	true	Lean.Parser.Command.declaration
100450	100935	true	Lean.Parser.Command.declaration
100936	101504	true	Lean.Parser.Command.declaration
101505	102065	true	Lean.Parser.Command.declaration
102066	102101	false	Lean.Parser.Command.declaration
102102	102137	false	Lean.Parser.Command.declaration
102138	102174	false	Lean.Parser.Command.declaration
102175	102211	false	Lean.Parser.Command.declaration
102212	102354	true	Lean.Parser.Command.declaration
102355	102497	true	Lean.Parser.Command.declaration
102498	102720	true	Lean.Parser.Command.declaration
102721	102943	true	Lean.Parser.Command.declaration
102944	103080	false	Lean.Parser.Command.declaration
103081	103147	false	Lean.Parser.Command.declaration
103148	103214	false	Lean.Parser.Command.declaration
103215	103315	false	Lean.Parser.Command.declaration
103316	103824	true	Lean.Parser.Command.declaration
103825	104030	true	Lean.Parser.Command.declaration
104031	104236	true	Lean.Parser.Command.declaration
104237	104346	false	Lean.Parser.Command.declaration
104347	105468	true	Lean.Parser.Command.declaration
105469	105510	false	Lean.Parser.Command.declaration
105511	105552	false	Lean.Parser.Command.declaration
105553	105642	false	Lean.Parser.Command.declaration
105643	105732	false	Lean.Parser.Command.declaration
105733	105913	true	Lean.Parser.Command.declaration
105914	106097	true	Lean.Parser.Command.declaration
106098	106579	true	Lean.Parser.Command.declaration
106580	107061	true	Lean.Parser.Command.declaration
107062	107139	false	Lean.Parser.Command.declaration
107140	107559	true	Lean.Parser.Command.declaration
107560	107614	false	Lean.Parser.Command.declaration
107615	107663	false	Lean.Parser.Command.declaration
107664	107895	false	Lean.Parser.Command.declaration
107896	107984	false	Lean.Parser.Command.declaration
107985	109286	true	Lean.Parser.Command.declaration
109287	109294	false	Lean.Parser.Command.end
109295	109298	false	Lean.Parser.Command.end
109299	109320	false	Lean.Parser.Command.section
109321	109364	false	Lean.Parser.Command.open
109365	109378	false	Lean.Parser.Command.namespace
109379	109390	false	Lean.Parser.Command.open
109391	109944	false	Lean.Parser.Command.declaration
109945	110046	false	Lean.Parser.Command.declaration
110047	110125	false	Lean.Parser.Command.declaration
110126	110190	false	Lean.Parser.Command.variable
110191	110333	true	Lean.Parser.Command.declaration
110334	110492	true	Lean.Parser.Command.declaration
110493	110669	true	Lean.Parser.Command.declaration
110670	111053	true	Lean.Parser.Command.declaration
111054	111217	true	Lean.Parser.Command.declaration
111218	112119	true	Lean.Parser.Command.declaration
112120	112272	true	Lean.Parser.Command.declaration
112273	112503	true	Lean.Parser.Command.declaration
112504	115847	true	Lean.Parser.Command.declaration
115848	116457	true	Lean.Parser.Command.declaration
116458	117860	true	Lean.Parser.Command.declaration
117861	118335	true	Lean.Parser.Command.declaration
118336	120681	true	Lean.Parser.Command.declaration
120682	121020	true	Lean.Parser.Command.declaration
121021	121298	true	Lean.Parser.Command.declaration
121299	121535	true	Lean.Parser.Command.declaration
121536	121719	true	Lean.Parser.Command.declaration
121720	122510	true	Lean.Parser.Command.declaration
122511	122693	true	Lean.Parser.Command.declaration
122694	122886	true	Lean.Parser.Command.declaration
122887	122997	true	Lean.Parser.Command.declaration
122998	123160	true	Lean.Parser.Command.declaration
123161	123322	true	Lean.Parser.Command.declaration
123323	125263	true	Lean.Parser.Command.declaration
125264	125405	true	Lean.Parser.Command.declaration
125406	129742	true	Lean.Parser.Command.declaration
129743	129918	true	Lean.Parser.Command.declaration
129919	130654	true	Lean.Parser.Command.declaration
130655	130662	false	Lean.Parser.Command.end
130663	130666	false	Lean.Parser.Command.end
130667	130688	false	Lean.Parser.Command.section
130689	130732	false	Lean.Parser.Command.open
130733	130746	false	Lean.Parser.Command.namespace
130747	130758	false	Lean.Parser.Command.open
130759	131360	false	Lean.Parser.Command.declaration
131361	131436	false	Lean.Parser.Command.declaration
131437	131489	false	Lean.Parser.Command.variable
131490	131497	false	Lean.Parser.Command.section
131498	131552	false	Lean.Parser.Command.variable
131553	131566	false	Lean.Parser.Command.include
131567	131778	true	lemma
131779	131915	true	lemma
131916	132226	true	lemma
132227	132363	true	lemma
132364	132986	true	lemma
132987	133398	true	lemma
133399	133610	true	lemma
133611	133739	true	lemma
133740	133958	true	lemma
133959	134132	true	lemma
134133	134322	true	lemma
134323	134855	true	lemma
134856	135411	true	lemma
135412	137809	true	lemma
137810	139645	true	lemma
139646	140414	true	Lean.Parser.Command.declaration
140415	140418	false	Lean.Parser.Command.end
140419	140700	true	Lean.Parser.Command.declaration
140701	140708	false	Lean.Parser.Command.end
140709	140712	false	Lean.Parser.Command.end
140713	140734	false	Lean.Parser.Command.section
140735	140762	false	Lean.Parser.Command.open
140763	140776	false	Lean.Parser.Command.namespace
140777	140788	false	Lean.Parser.Command.open
140789	140866	false	Lean.Parser.Command.declaration
140867	140950	false	Lean.Parser.Command.declaration
140951	141129	true	Lean.Parser.Command.declaration
141130	141531	true	Lean.Parser.Command.declaration
141532	143235	false	Lean.Parser.Command.declaration
143236	143370	false	Lean.Parser.Command.declaration
143371	143551	false	Lean.Parser.Command.declaration
143552	143606	false	Lean.Parser.Command.declaration
143607	143826	false	Lean.Parser.Command.declaration
143827	143872	false	Lean.Parser.Command.declaration
143873	144134	false	Lean.Parser.Command.declaration
144135	144233	false	Lean.Parser.Command.declaration
144234	144291	false	Lean.Parser.Command.declaration
144292	144409	false	Lean.Parser.Command.declaration
144410	144804	true	Lean.Parser.Command.declaration
144805	144986	true	Lean.Parser.Command.declaration
144987	146831	true	Lean.Parser.Command.declaration
146832	149197	true	Lean.Parser.Command.declaration
149198	149429	true	Lean.Parser.Command.declaration
149430	149876	true	Lean.Parser.Command.declaration
149877	150014	true	Lean.Parser.Command.declaration
150015	152727	true	Lean.Parser.Command.declaration
152728	152827	true	Lean.Parser.Command.in
152828	153005	true	Lean.Parser.Command.declaration
153006	153092	true	Lean.Parser.Command.declaration
153093	154269	true	Lean.Parser.Command.declaration
154270	154352	false	Lean.Parser.Command.declaration
154353	154547	true	Lean.Parser.Command.declaration
154548	154555	false	Lean.Parser.Command.end
154556	154559	false	Lean.Parser.Command.end
154560	154581	false	Lean.Parser.Command.section
154582	154624	false	Lean.Parser.Command.open
154625	154638	false	Lean.Parser.Command.namespace
154639	154650	false	Lean.Parser.Command.open
154651	154666	false	Lean.Parser.Command.section
154667	154848	false	Lean.Parser.Command.variable
154849	154866	false	Lean.Parser.Command.include
154867	155165	true	Lean.Parser.Command.declaration
155166	155559	true	Lean.Parser.Command.declaration
155560	155711	true	Lean.Parser.Command.in
155712	155886	true	Lean.Parser.Command.in
155887	156412	true	Lean.Parser.Command.declaration
156413	157573	true	Lean.Parser.Command.declaration
157574	157783	true	Lean.Parser.Command.declaration
157784	157795	false	Lean.Parser.Command.end
157796	157865	false	Lean.Parser.Command.declaration
157866	157925	false	Lean.Parser.Command.declaration
157926	157947	false	Lean.Parser.Command.variable
157948	158031	true	Lean.Parser.Command.declaration
158032	158195	true	Lean.Parser.Command.declaration
158196	158315	true	Lean.Parser.Command.declaration
158316	158771	true	lemma
158772	160393	true	Lean.Parser.Command.declaration
160394	160517	true	Lean.Parser.Command.declaration
160518	160715	true	Lean.Parser.Command.declaration
160716	160913	true	Lean.Parser.Command.declaration
160914	161295	true	Lean.Parser.Command.declaration
161296	161303	false	Lean.Parser.Command.end
161304	161307	false	Lean.Parser.Command.end
161308	161329	false	Lean.Parser.Command.section
161330	161369	false	Lean.Parser.Command.open
161370	161413	false	Lean.Parser.Command.open
161414	161427	false	Lean.Parser.Command.namespace
161428	161466	false	Lean.Parser.Command.open
161467	161580	false	Lean.Parser.Command.declaration
161581	161628	false	Lean.Parser.Command.variable
161629	162582	false	Lean.Parser.Command.declaration
162583	162730	false	Lean.Parser.Command.declaration
162731	162745	false	Lean.Parser.Command.variable
162746	163621	true	Lean.Parser.Command.declaration
163622	164666	true	lemma
164667	165277	true	Lean.Parser.Command.declaration
165278	172125	true	Lean.Parser.Command.declaration
172126	172581	true	Lean.Parser.Command.declaration
172582	172937	true	Lean.Parser.Command.declaration
172938	172945	false	Lean.Parser.Command.end
172946	172949	false	Lean.Parser.Command.end
172950	172971	false	Lean.Parser.Command.section
172972	173006	false	Lean.Parser.Command.open
173007	173020	false	Lean.Parser.Command.namespace
173021	173032	false	Lean.Parser.Command.open
173033	173054	false	Lean.Parser.Command.variable
173055	173194	true	Lean.Parser.Command.declaration
173195	173373	true	Lean.Parser.Command.declaration
173374	173771	true	Lean.Parser.Command.declaration
173772	173779	false	Lean.Parser.Command.end
173780	173783	false	Lean.Parser.Command.end
173784	173811	false	Lean.Parser.Command.set_option
173812	173833	false	Lean.Parser.Command.section
173834	173875	false	Lean.Parser.Command.set_option
173876	173903	false	Lean.Parser.Command.open
173904	173938	false	Lean.Parser.Command.open
173939	173963	false	Lean.Parser.Command.open
173964	173999	false	Lean.Parser.Command.namespace
174000	174069	false	Lean.Parser.Command.declaration
174070	174239	true	lemma
174240	174383	true	lemma
174384	174397	false	Lean.Parser.Command.section
174398	174475	false	Lean.Parser.Command.variable
174476	174611	false	Lean.Parser.Command.declaration
174612	174909	true	lemma
174910	175779	true	lemma
175780	176061	true	lemma
176062	176071	false	Lean.Parser.Command.end
176072	176084	false	Lean.Parser.Command.section
176085	176193	false	Lean.Parser.Command.variable
176194	176581	true	lemma
176582	177093	true	lemma
177094	177936	true	Lean.Parser.Command.declaration
177937	178604	true	Lean.Parser.Command.declaration
178605	178613	false	Lean.Parser.Command.end
178614	178643	false	Lean.Parser.Command.end
178644	178647	false	Lean.Parser.Command.end
178648	178669	false	Lean.Parser.Command.section
178670	178711	false	Lean.Parser.Command.set_option
178712	178746	false	Lean.Parser.Command.open
178747	178784	false	Lean.Parser.Command.open
178785	178850	false	Lean.Parser.Command.open
178851	178877	false	Lean.Parser.Command.namespace
178878	178918	false	Lean.Parser.Command.declaration
178919	178962	false	Lean.Parser.Command.declaration
178963	179001	false	Lean.Parser.Command.declaration
179002	179130	false	Lean.Parser.Command.declaration
179131	179145	false	Lean.Parser.Command.section
179146	179197	false	Lean.Parser.Command.variable
179198	179325	false	Lean.Parser.Command.declaration
179326	179433	false	Lean.Parser.Command.declaration
179434	179773	true	lemma
179774	179984	true	lemma
179985	180072	false	Lean.Parser.Command.declaration
180073	180245	true	lemma
180246	180378	false	Lean.Parser.Command.declaration
180379	180511	true	lemma
180512	180522	false	Lean.Parser.Command.end
180523	180541	false	Lean.Parser.Command.section
180542	180623	false	Lean.Parser.Command.variable
180624	180657	false	Lean.Parser.Command.variable
180658	180745	false	Lean.Parser.Command.declaration
180746	180815	false	Lean.Parser.Command.declaration
180816	180887	false	Lean.Parser.Command.declaration
180888	180971	false	Lean.Parser.Command.declaration
180972	181066	true	lemma
181067	181173	true	lemma
181174	181309	true	lemma
181310	181451	true	lemma
181452	181548	true	lemma
181549	181563	false	Lean.Parser.Command.end
181564	181580	false	Lean.Parser.Command.section
181581	181595	false	Lean.Parser.Command.open
181596	181665	false	Lean.Parser.Command.declaration
181666	181714	false	Lean.Parser.Command.variable
181715	181780	false	Lean.Parser.Command.declaration
181781	181815	false	Lean.Parser.Command.declaration
181816	181894	false	Lean.Parser.Command.declaration
181895	182039	false	Lean.Parser.Command.declaration
182040	182170	true	lemma
182171	182280	false	Lean.Parser.Command.declaration
182281	182427	true	lemma
182428	182562	false	Lean.Parser.Command.declaration
182563	182655	true	lemma
182656	182706	false	Lean.Parser.Command.declaration
182707	182774	false	Lean.Parser.Command.declaration
182775	183057	true	lemma
183058	183070	false	Lean.Parser.Command.end
183071	183091	false	Lean.Parser.Command.end
183092	183095	false	Lean.Parser.Command.end
183096	183117	false	Lean.Parser.Command.section
183118	183159	false	Lean.Parser.Command.set_option
183160	183171	false	Lean.Parser.Command.open
183172	183196	false	Lean.Parser.Command.open
183197	183223	false	Lean.Parser.Command.namespace
183224	183289	true	lemma
183290	183369	true	lemma
183370	183449	true	lemma
183450	183532	true	lemma
183533	183796	true	lemma
183797	183811	false	Lean.Parser.Command.section
183812	183830	false	Lean.Parser.Command.variable
183831	183921	false	Lean.Parser.Command.declaration
183922	184056	true	lemma
184057	184180	false	Lean.Parser.Command.declaration
184181	184330	true	lemma
184331	184768	true	lemma
184769	184779	false	Lean.Parser.Command.end
184780	184800	false	Lean.Parser.Command.end
184801	184804	false	Lean.Parser.Command.end
184805	184826	false	Lean.Parser.Command.section
184827	184868	false	Lean.Parser.Command.set_option
184869	184896	false	Lean.Parser.Command.open
184897	184934	false	Lean.Parser.Command.open
184935	184961	false	Lean.Parser.Command.namespace
184962	184979	false	Lean.Parser.Command.section
184980	185010	false	Lean.Parser.Command.open
185011	185294	true	lemma
185295	185523	true	lemma
185524	186300	true	Lean.Parser.Command.declaration
186301	186314	false	Lean.Parser.Command.end
186315	186330	false	Lean.Parser.Command.section
186331	186444	false	Lean.Parser.Command.variable
186445	186719	true	lemma
186720	186994	true	lemma
186995	187675	true	lemma
187676	188049	true	lemma
188050	188061	false	Lean.Parser.Command.end
188062	188073	false	Lean.Parser.Command.section
188074	188187	false	Lean.Parser.Command.variable
188188	188355	false	Lean.Parser.Command.declaration
188356	189077	true	lemma
189078	189852	true	lemma
189853	193102	true	Lean.Parser.Command.declaration
193103	193110	false	Lean.Parser.Command.end
193111	193127	false	Lean.Parser.Command.section
193128	193241	false	Lean.Parser.Command.variable
193242	194227	true	Lean.Parser.Command.declaration
194228	195148	true	Lean.Parser.Command.declaration
195149	195732	true	Lean.Parser.Command.declaration
195733	196091	true	Lean.Parser.Command.declaration
196092	196462	true	Lean.Parser.Command.declaration
196463	196475	false	Lean.Parser.Command.end
196476	196496	false	Lean.Parser.Command.end
196497	196500	false	Lean.Parser.Command.end
196501	196522	false	Lean.Parser.Command.section
196523	196564	false	Lean.Parser.Command.set_option
196565	196611	false	Lean.Parser.Command.open
196612	196651	false	Lean.Parser.Command.open
196652	196678	false	Lean.Parser.Command.namespace
196679	197937	true	Lean.Parser.Command.declaration
197938	206700	true	Lean.Parser.Command.declaration
206701	206721	false	Lean.Parser.Command.end
206722	206725	false	Lean.Parser.Command.end
206726	206753	false	Lean.Parser.Command.set_option
206754	206775	false	Lean.Parser.Command.section
206776	206817	false	Lean.Parser.Command.set_option
206818	206866	false	Lean.Parser.Command.open
206867	206891	false	Lean.Parser.Command.open
206892	206931	false	Lean.Parser.Command.open
206932	206958	false	Lean.Parser.Command.namespace
206959	206973	false	Lean.Parser.Command.open
206974	206991	false	Lean.Parser.Command.section
206992	207040	false	Lean.Parser.Command.variable
207041	207332	true	lemma
207333	209015	true	lemma
209016	209029	false	Lean.Parser.Command.end
209030	209044	false	Lean.Parser.Command.section
209045	209120	true	lemma
209121	209167	false	Lean.Parser.Command.variable
209168	209178	false	Lean.Parser.Command.include
209179	209303	true	lemma
209304	209392	true	lemma
209393	209403	false	Lean.Parser.Command.end
209404	209416	false	Lean.Parser.Command.section
209417	211867	true	lemma
211868	213888	true	lemma
213889	214759	true	lemma
214760	214768	false	Lean.Parser.Command.end
214769	214782	false	Lean.Parser.Command.section
214783	214838	true	lemma
214839	214911	true	lemma
214912	215636	true	lemma
215637	216711	true	lemma
216712	217801	true	lemma
217802	217873	false	Lean.Parser.Command.variable
217874	217887	false	Lean.Parser.Command.include
217888	218678	true	lemma
218679	218954	true	lemma
218955	220487	true	lemma
220488	220497	false	Lean.Parser.Command.end
220498	220514	false	Lean.Parser.Command.section
220515	222272	true	lemma
222273	222605	true	lemma
222606	222781	true	lemma
222782	226172	true	Lean.Parser.Command.declaration
226173	226185	false	Lean.Parser.Command.end
226186	226200	false	Lean.Parser.Command.section
226201	226226	false	Lean.Parser.Command.variable
226227	226738	true	lemma
226739	227048	true	lemma
227049	227608	true	lemma
227609	227980	true	lemma
227981	229654	true	lemma
229655	230652	true	lemma
230653	230663	false	Lean.Parser.Command.end
230664	230686	false	Lean.Parser.Command.section
230687	234430	true	lemma
234431	234449	false	Lean.Parser.Command.end
234450	234468	false	Lean.Parser.Command.section
234469	237498	true	lemma
237499	237513	false	Lean.Parser.Command.end
237514	237534	false	Lean.Parser.Command.end
237535	237538	false	Lean.Parser.Command.end
237539	237566	false	Lean.Parser.Command.set_option
237567	237588	false	Lean.Parser.Command.section
237589	237630	false	Lean.Parser.Command.set_option
237631	237658	false	Lean.Parser.Command.open
237659	237696	false	Lean.Parser.Command.open
237697	237724	false	Lean.Parser.Command.open
237725	237751	false	Lean.Parser.Command.namespace
237752	237833	false	Lean.Parser.Command.variable
237834	237867	false	Lean.Parser.Command.variable
237868	238000	false	Lean.Parser.Command.declaration
238001	238148	true	lemma
238149	238296	true	lemma
238297	238442	true	lemma
238443	238772	true	lemma
238773	239059	true	lemma
239060	239862	true	lemma
239863	240132	true	lemma
240133	240750	true	Lean.Parser.Command.declaration
240751	240771	false	Lean.Parser.Command.end
240772	240775	false	Lean.Parser.Command.end
240776	240797	false	Lean.Parser.Command.section
240798	240839	false	Lean.Parser.Command.set_option
240840	240867	false	Lean.Parser.Command.open
240868	240905	false	Lean.Parser.Command.open
240906	240959	false	Lean.Parser.Command.open
240960	240986	false	Lean.Parser.Command.namespace
240987	241068	false	Lean.Parser.Command.variable
241069	241102	false	Lean.Parser.Command.variable
241103	241743	true	lemma
241744	242680	true	Lean.Parser.Command.declaration
242681	242701	false	Lean.Parser.Command.end
242702	242705	false	Lean.Parser.Command.end
242706	242727	false	Lean.Parser.Command.section
242728	242764	false	Lean.Parser.Command.open
242765	242804	false	Lean.Parser.Command.open
242805	242831	false	Lean.Parser.Command.namespace
242832	244907	true	Lean.Parser.Command.declaration
244908	244928	false	Lean.Parser.Command.end
244929	244932	false	Lean.Parser.Command.end
244933	244954	false	Lean.Parser.Command.section
244955	244982	false	Lean.Parser.Command.open
244983	245022	false	Lean.Parser.Command.open
245023	245049	false	Lean.Parser.Command.namespace
245050	245064	false	Lean.Parser.Command.open
245065	249323	true	Lean.Parser.Command.declaration
249324	249344	false	Lean.Parser.Command.end
249345	249348	false	Lean.Parser.Command.end
249349	249370	false	Lean.Parser.Command.section
249371	249412	false	Lean.Parser.Command.set_option
249413	249424	false	Lean.Parser.Command.open
249425	249449	false	Lean.Parser.Command.open
249450	249476	false	Lean.Parser.Command.namespace
249477	249528	false	Lean.Parser.Command.variable
249529	249549	false	Lean.Parser.Command.end
249550	249553	false	Lean.Parser.Command.end
249554	249575	false	Lean.Parser.Command.section
249576	249617	false	Lean.Parser.Command.set_option
249618	249645	false	Lean.Parser.Command.open
249646	249683	false	Lean.Parser.Command.open
249684	249714	false	Lean.Parser.Command.open
249715	249741	false	Lean.Parser.Command.namespace
249742	249793	false	Lean.Parser.Command.variable
249794	249922	true	lemma
249923	250145	true	lemma
250146	250464	true	lemma
250465	251320	true	Lean.Parser.Command.declaration
251321	251341	false	Lean.Parser.Command.end
251342	251345	false	Lean.Parser.Command.end
251346	251367	false	Lean.Parser.Command.section
251368	251409	false	Lean.Parser.Command.set_option
251410	251437	false	Lean.Parser.Command.open
251438	251475	false	Lean.Parser.Command.open
251476	251502	false	Lean.Parser.Command.namespace
251503	251554	false	Lean.Parser.Command.variable
251555	251868	true	lemma
251869	252291	true	lemma
252292	252657	true	lemma
252658	252678	false	Lean.Parser.Command.end
252679	252682	false	Lean.Parser.Command.end
252683	252704	false	Lean.Parser.Command.section
252705	252746	false	Lean.Parser.Command.set_option
252747	252774	false	Lean.Parser.Command.open
252775	252812	false	Lean.Parser.Command.open
252813	252839	false	Lean.Parser.Command.namespace
252840	252891	false	Lean.Parser.Command.variable
252892	253183	true	Lean.Parser.Command.declaration
253184	253499	true	Lean.Parser.Command.declaration
253500	253520	false	Lean.Parser.Command.end
253521	253524	false	Lean.Parser.Command.end
253525	253546	false	Lean.Parser.Command.section
253547	253588	false	Lean.Parser.Command.set_option
253589	253623	false	Lean.Parser.Command.open
253624	253661	false	Lean.Parser.Command.open
253662	253701	false	Lean.Parser.Command.open
253702	253728	false	Lean.Parser.Command.namespace
253729	253745	false	Lean.Parser.Command.section
253746	253797	false	Lean.Parser.Command.variable
253798	253810	false	Lean.Parser.Command.end
253811	253827	false	Lean.Parser.Command.section
253828	253842	false	Lean.Parser.Command.open
253843	254488	true	lemma
254489	257943	true	Lean.Parser.Command.declaration
257944	257956	false	Lean.Parser.Command.end
257957	257977	false	Lean.Parser.Command.end
257978	257981	false	Lean.Parser.Command.end
257982	258003	false	Lean.Parser.Command.section
258004	258015	false	Lean.Parser.Command.open
258016	258032	false	Lean.Parser.Command.open
258033	258059	false	Lean.Parser.Command.namespace
258060	258080	false	Lean.Parser.Command.end
258081	258084	false	Lean.Parser.Command.end
258085	258106	false	Lean.Parser.Command.section
258107	258148	false	Lean.Parser.Command.set_option
258149	258183	false	Lean.Parser.Command.open
258184	258221	false	Lean.Parser.Command.open
258222	258261	false	Lean.Parser.Command.open
258262	258288	false	Lean.Parser.Command.namespace
258289	258303	false	Lean.Parser.Command.open
258304	258346	false	Lean.Parser.Command.declaration
258347	258433	true	lemma
258434	259924	true	Lean.Parser.Command.declaration
259925	259945	false	Lean.Parser.Command.end
259946	259949	false	Lean.Parser.Command.end
259950	259971	false	Lean.Parser.Command.section
259972	260013	false	Lean.Parser.Command.set_option
260014	260025	false	Lean.Parser.Command.open
260026	260050	false	Lean.Parser.Command.open
260051	260078	false	Lean.Parser.Command.namespace
260079	260100	false	Lean.Parser.Command.open
260101	260186	false	Lean.Parser.Command.declaration
260187	260205	false	Lean.Parser.Command.variable
260206	260401	false	Lean.Parser.Command.declaration
260402	260449	false	Lean.Parser.Command.declaration
260450	260610	false	Lean.Parser.Command.declaration
260611	260767	false	Lean.Parser.Command.declaration
260768	260867	true	lemma
260868	261683	true	lemma
261684	261705	false	Lean.Parser.Command.section
261706	261757	false	Lean.Parser.Command.variable
261758	261775	false	Lean.Parser.Command.end
261776	261797	false	Lean.Parser.Command.end
261798	261801	false	Lean.Parser.Command.end
261802	261823	false	Lean.Parser.Command.section
261824	261837	false	Lean.Parser.Command.namespace
261838	262184	true	Lean.Parser.Command.declaration
262185	262532	true	Lean.Parser.Command.declaration
262533	262540	false	Lean.Parser.Command.end
262541	262544	false	Lean.Parser.Command.end
262545	262560	false	Lean.Parser.Command.namespace
262561	262593	false	Lean.Parser.Command.declaration
262594	262660	false	Lean.Parser.Command.declaration
262661	262712	true	Lean.Parser.Command.declaration
262713	262890	true	Lean.Parser.Command.declaration
262891	263512	true	Lean.Parser.Command.declaration
263513	263544	false	Lean.Parser.Command.declaration
263545	263557	false	Lean.Parser.Command.namespace
263558	263599	false	Lean.Parser.Command.declaration
263600	263636	false	Lean.Parser.Command.declaration
263637	263702	false	Lean.Parser.Command.declaration
263703	263768	false	Lean.Parser.Command.declaration
263769	263808	false	Lean.Parser.Command.declaration
263809	263930	false	Lean.Parser.Command.declaration
263931	264001	false	Lean.Parser.Command.declaration
264002	264073	false	Lean.Parser.Command.declaration
264074	264119	false	Lean.Parser.Command.declaration
264120	264192	false	Lean.Parser.Command.declaration
264193	264265	false	Lean.Parser.Command.declaration
264266	264423	false	Lean.Parser.Command.declaration
264424	264581	false	Lean.Parser.Command.declaration
264582	264649	true	Lean.Parser.Command.declaration
264650	264763	true	Lean.Parser.Command.declaration
264764	264877	true	Lean.Parser.Command.declaration
264878	264956	true	Lean.Parser.Command.declaration
264957	265082	true	Lean.Parser.Command.declaration
265083	265205	true	Lean.Parser.Command.declaration
265206	265580	true	Lean.Parser.Command.declaration
265581	265717	true	Lean.Parser.Command.declaration
265718	265895	true	Lean.Parser.Command.declaration
265896	266046	true	Lean.Parser.Command.declaration
266047	266196	true	Lean.Parser.Command.declaration
266197	266375	true	Lean.Parser.Command.declaration
266376	267243	true	Lean.Parser.Command.declaration
267244	268113	true	Lean.Parser.Command.declaration
268114	268120	false	Lean.Parser.Command.end
268121	268153	false	Lean.Parser.Command.declaration
268154	268166	false	Lean.Parser.Command.namespace
268167	268243	false	Lean.Parser.Command.declaration
268244	268300	false	Lean.Parser.Command.declaration
268301	268346	false	Lean.Parser.Command.declaration
268347	268408	false	Lean.Parser.Command.declaration
268409	268470	false	Lean.Parser.Command.declaration
268471	268520	false	Lean.Parser.Command.declaration
268521	268587	false	Lean.Parser.Command.declaration
268588	268824	false	Lean.Parser.Command.declaration
268825	269038	false	Lean.Parser.Command.declaration
269039	269101	false	Lean.Parser.Command.declaration
269102	269333	false	Lean.Parser.Command.declaration
269334	269442	false	Lean.Parser.Command.declaration
269443	269501	true	Lean.Parser.Command.declaration
269502	269697	true	Lean.Parser.Command.declaration
269698	269893	true	Lean.Parser.Command.declaration
269894	270051	true	Lean.Parser.Command.declaration
270052	270371	true	Lean.Parser.Command.declaration
270372	270708	true	Lean.Parser.Command.declaration
270709	272699	true	Lean.Parser.Command.declaration
272700	274713	true	Lean.Parser.Command.declaration
274714	275993	true	Lean.Parser.Command.declaration
275994	276520	true	Lean.Parser.Command.declaration
276521	278411	true	Lean.Parser.Command.declaration
278412	278418	false	Lean.Parser.Command.end
278419	278428	false	Lean.Parser.Command.end
278429	278444	false	Lean.Parser.Command.namespace
278445	278466	false	Lean.Parser.Command.declaration
278467	278499	false	Lean.Parser.Command.declaration
278500	278538	false	Lean.Parser.Command.declaration
278539	278577	false	Lean.Parser.Command.declaration
278578	278616	false	Lean.Parser.Command.declaration
278617	278642	false	Lean.Parser.Command.declaration
278643	278669	false	Lean.Parser.Command.declaration
278670	278718	false	Lean.Parser.Command.declaration
278719	278769	false	Lean.Parser.Command.declaration
278770	278820	false	Lean.Parser.Command.declaration
278821	278870	false	Lean.Parser.Command.declaration
278871	278921	false	Lean.Parser.Command.declaration
278922	278961	false	Lean.Parser.Command.declaration
278962	279128	false	Lean.Parser.Command.declaration
279129	279286	false	Lean.Parser.Command.declaration
279287	279467	false	Lean.Parser.Command.declaration
279468	279625	false	Lean.Parser.Command.declaration
279626	279793	false	Lean.Parser.Command.declaration
279794	279950	false	Lean.Parser.Command.declaration
279951	280079	false	Lean.Parser.Command.declaration
280080	280223	false	Lean.Parser.Command.declaration
280224	280380	false	Lean.Parser.Command.declaration
280381	280547	false	Lean.Parser.Command.declaration
280548	280604	false	Lean.Parser.Command.declaration
280605	280662	false	Lean.Parser.Command.declaration
280663	280697	false	Lean.Parser.Command.declaration
280698	280732	false	Lean.Parser.Command.declaration
280733	280789	false	Lean.Parser.Command.declaration
280790	280846	false	Lean.Parser.Command.declaration
280847	280904	false	Lean.Parser.Command.declaration
280905	280960	false	Lean.Parser.Command.declaration
280961	281018	false	Lean.Parser.Command.declaration
281019	281312	false	Lean.Parser.Command.declaration
281313	281665	false	Lean.Parser.Command.declaration
281666	281706	false	Lean.Parser.Command.declaration
281707	281956	false	Lean.Parser.Command.declaration
281957	282219	false	Lean.Parser.Command.declaration
282220	282401	false	Lean.Parser.Command.declaration
282402	282502	false	Lean.Parser.Command.declaration
282503	282543	false	Lean.Parser.Command.declaration
282544	283306	false	Lean.Parser.Command.declaration
283307	283493	false	Lean.Parser.Command.declaration
283494	283530	false	Lean.Parser.Command.declaration
283531	283546	false	Lean.Parser.Command.namespace
283547	283641	false	Lean.Parser.Command.declaration
283642	283714	false	Lean.Parser.Command.declaration
283715	283772	false	Lean.Parser.Command.declaration
283773	283828	false	Lean.Parser.Command.declaration
283829	283872	false	Lean.Parser.Command.declaration
283873	283984	false	Lean.Parser.Command.declaration
283985	284096	false	Lean.Parser.Command.declaration
284097	284157	false	Lean.Parser.Command.declaration
284158	284216	false	Lean.Parser.Command.declaration
284217	284383	false	Lean.Parser.Command.declaration
284384	284550	false	Lean.Parser.Command.declaration
284551	284593	false	Lean.Parser.Command.declaration
284594	284920	false	Lean.Parser.Command.declaration
284921	285247	false	Lean.Parser.Command.declaration
285248	285308	false	Lean.Parser.Command.declaration
285309	285367	false	Lean.Parser.Command.declaration
285368	285413	false	Lean.Parser.Command.declaration
285414	285513	false	Lean.Parser.Command.declaration
285514	285569	false	Lean.Parser.Command.declaration
285570	285655	false	Lean.Parser.Command.declaration
285656	285739	false	Lean.Parser.Command.declaration
285740	285783	false	Lean.Parser.Command.declaration
285784	286008	false	Lean.Parser.Command.declaration
286009	286197	false	Lean.Parser.Command.declaration
286198	286291	false	Lean.Parser.Command.declaration
286292	286444	false	Lean.Parser.Command.declaration
286445	286621	false	Lean.Parser.Command.declaration
286622	286798	false	Lean.Parser.Command.declaration
286799	286840	false	Lean.Parser.Command.declaration
286841	286978	false	Lean.Parser.Command.declaration
286979	287187	false	Lean.Parser.Command.declaration
287188	287340	false	Lean.Parser.Command.declaration
287341	287386	false	Lean.Parser.Command.declaration
287387	287490	false	Lean.Parser.Command.declaration
287491	287611	false	Lean.Parser.Command.declaration
287612	287671	false	Lean.Parser.Command.declaration
287672	287729	false	Lean.Parser.Command.declaration
287730	287904	false	Lean.Parser.Command.declaration
287905	287974	false	Lean.Parser.Command.declaration
287975	288035	false	Lean.Parser.Command.declaration
288036	288094	false	Lean.Parser.Command.declaration
288095	288226	false	Lean.Parser.Command.declaration
288227	288447	false	Lean.Parser.Command.declaration
288448	288521	false	Lean.Parser.Command.declaration
288522	288571	false	Lean.Parser.Command.declaration
288572	288746	false	Lean.Parser.Command.declaration
288747	288756	false	Lean.Parser.Command.end
288757	288766	false	Lean.Parser.Command.end
288767	288788	false	Lean.Parser.Command.section
288789	288826	false	Lean.Parser.Command.open
288827	288840	false	Lean.Parser.Command.namespace
288841	288932	false	Lean.Parser.Command.declaration
288933	289061	false	Lean.Parser.Command.declaration
289062	289465	true	Lean.Parser.Command.declaration
289466	290159	true	Lean.Parser.Command.declaration
290160	290589	true	Lean.Parser.Command.declaration
290590	291209	true	Lean.Parser.Command.declaration
291210	291433	true	Lean.Parser.Command.declaration
291434	292121	true	Lean.Parser.Command.declaration
292122	292996	true	Lean.Parser.Command.declaration
292997	294123	true	Lean.Parser.Command.declaration
294124	294343	true	Lean.Parser.Command.declaration
294344	294505	false	Lean.Parser.Command.declaration
294506	294672	false	Lean.Parser.Command.declaration
294673	294889	true	Lean.Parser.Command.declaration
294890	295103	true	Lean.Parser.Command.declaration
295104	295679	true	Lean.Parser.Command.declaration
295680	296256	true	Lean.Parser.Command.declaration
296257	296302	false	Lean.Parser.Command.declaration
296303	296348	false	Lean.Parser.Command.declaration
296349	296398	false	Lean.Parser.Command.declaration
296399	296463	false	Lean.Parser.Command.declaration
296464	296568	true	Lean.Parser.Command.declaration
296569	296667	true	Lean.Parser.Command.declaration
296668	296839	true	Lean.Parser.Command.declaration
296840	297080	true	Lean.Parser.Command.declaration
297081	297088	false	Lean.Parser.Command.end
297089	297092	false	Lean.Parser.Command.end
297093	297114	false	Lean.Parser.Command.section
297115	297140	false	Lean.Parser.Command.open
297141	297154	false	Lean.Parser.Command.namespace
297155	297249	false	Lean.Parser.Command.declaration
297250	297336	false	Lean.Parser.Command.declaration
297337	297383	false	Lean.Parser.Command.declaration
297384	297490	false	Lean.Parser.Command.declaration
297491	297551	false	Lean.Parser.Command.declaration
297552	297658	false	Lean.Parser.Command.declaration
297659	297741	false	Lean.Parser.Command.declaration
297742	297800	false	Lean.Parser.Command.declaration
297801	297856	true	Lean.Parser.Command.declaration
297857	297930	true	Lean.Parser.Command.declaration
297931	298055	true	Lean.Parser.Command.declaration
298056	298495	true	Lean.Parser.Command.declaration
298496	298741	true	Lean.Parser.Command.declaration
298742	299234	true	Lean.Parser.Command.declaration
299235	299543	true	Lean.Parser.Command.declaration
299544	299607	true	Lean.Parser.Command.declaration
299608	299827	true	Lean.Parser.Command.declaration
299828	300142	true	Lean.Parser.Command.declaration
300143	300266	false	Lean.Parser.Command.declaration
300267	300395	false	Lean.Parser.Command.declaration
300396	300879	true	Lean.Parser.Command.declaration
300880	301401	true	Lean.Parser.Command.declaration
301402	301533	true	Lean.Parser.Command.declaration
301534	301634	true	Lean.Parser.Command.declaration
301635	301978	true	Lean.Parser.Command.declaration
301979	302338	true	Lean.Parser.Command.declaration
302339	302529	true	Lean.Parser.Command.declaration
302530	302719	true	Lean.Parser.Command.declaration
302720	302841	false	Lean.Parser.Command.declaration
302842	302952	false	Lean.Parser.Command.declaration
302953	303063	false	Lean.Parser.Command.declaration
303064	303091	false	Lean.Parser.Command.declaration
303092	303798	true	Lean.Parser.Command.declaration
303799	304764	true	Lean.Parser.Command.declaration
304765	305752	true	Lean.Parser.Command.declaration
305753	305760	false	Lean.Parser.Command.end
305761	305764	false	Lean.Parser.Command.end
305765	305786	false	Lean.Parser.Command.section
305787	305796	false	Lean.Parser.Command.open
305797	305810	false	Lean.Parser.Command.namespace
305811	305894	false	Lean.Parser.Command.declaration
305895	305982	false	Lean.Parser.Command.declaration
305983	306071	false	Lean.Parser.Command.declaration
306072	306149	false	Lean.Parser.Command.declaration
306150	306241	false	Lean.Parser.Command.declaration
306242	306275	false	Lean.Parser.Command.declaration
306276	307620	true	Lean.Parser.Command.declaration
307621	307676	true	Lean.Parser.Command.declaration
307677	308330	true	Lean.Parser.Command.declaration
308331	309480	true	Lean.Parser.Command.declaration
309481	311006	true	Lean.Parser.Command.declaration
311007	311014	false	Lean.Parser.Command.end
311015	311018	false	Lean.Parser.Command.end
311019	311040	false	Lean.Parser.Command.section
311041	311050	false	Lean.Parser.Command.open
311051	311066	false	Lean.Parser.Command.namespace
311067	311128	true	Lean.Parser.Command.declaration
311129	311251	true	Lean.Parser.Command.declaration
311252	311374	true	Lean.Parser.Command.declaration
311375	311451	true	Lean.Parser.Command.declaration
311452	311467	false	Lean.Parser.Command.namespace
311468	311488	false	Lean.Parser.Command.variable
311489	311644	true	Lean.Parser.Command.declaration
311645	311954	true	Lean.Parser.Command.declaration
311955	312118	true	Lean.Parser.Command.declaration
312119	312289	true	Lean.Parser.Command.declaration
312290	312411	true	Lean.Parser.Command.declaration
312412	312533	true	Lean.Parser.Command.declaration
312534	312664	true	Lean.Parser.Command.declaration
312665	312752	false	Lean.Parser.Command.declaration
312753	313493	true	Lean.Parser.Command.declaration
313494	314309	true	Lean.Parser.Command.declaration
314310	314685	true	Lean.Parser.Command.declaration
314686	315061	true	Lean.Parser.Command.declaration
315062	315258	true	Lean.Parser.Command.declaration
315259	315484	true	Lean.Parser.Command.declaration
315485	315596	true	Lean.Parser.Command.declaration
315597	316097	false	Lean.Parser.Command.declaration
316098	316107	false	Lean.Parser.Command.end
316108	317020	true	Lean.Parser.Command.declaration
317021	317036	false	Lean.Parser.Command.namespace
317037	317057	false	Lean.Parser.Command.variable
317058	317244	true	Lean.Parser.Command.declaration
317245	317583	true	Lean.Parser.Command.declaration
317584	317922	true	Lean.Parser.Command.declaration
317923	319225	true	Lean.Parser.Command.declaration
319226	319235	false	Lean.Parser.Command.end
319236	319251	false	Lean.Parser.Command.namespace
319252	319272	false	Lean.Parser.Command.variable
319273	319525	true	Lean.Parser.Command.declaration
319526	319628	true	Lean.Parser.Command.declaration
319629	319800	true	Lean.Parser.Command.declaration
319801	329727	true	Lean.Parser.Command.in
329728	329737	false	Lean.Parser.Command.end
329738	329747	false	Lean.Parser.Command.end
329748	329751	false	Lean.Parser.Command.end
329752	329773	false	Lean.Parser.Command.section
329774	329783	false	Lean.Parser.Command.open
329784	329799	false	Lean.Parser.Command.namespace
329800	330097	true	Lean.Parser.Command.declaration
330098	331261	true	Lean.Parser.Command.declaration
331262	332419	true	Lean.Parser.Command.declaration
332420	333234	true	Lean.Parser.Command.declaration
333235	333571	true	Lean.Parser.Command.declaration
333572	333951	true	Lean.Parser.Command.declaration
333952	334157	true	Lean.Parser.Command.declaration
334158	334357	true	Lean.Parser.Command.declaration
334358	334479	true	Lean.Parser.Command.declaration
334480	334800	true	Lean.Parser.Command.declaration
334801	334936	true	Lean.Parser.Command.declaration
334937	335072	true	Lean.Parser.Command.declaration
335073	335258	true	Lean.Parser.Command.declaration
335259	335386	true	Lean.Parser.Command.declaration
335387	335448	true	Lean.Parser.Command.declaration
335449	335717	true	Lean.Parser.Command.declaration
335718	335980	true	Lean.Parser.Command.declaration
335981	335990	false	Lean.Parser.Command.end
335991	335994	false	Lean.Parser.Command.end
335995	336016	false	Lean.Parser.Command.section
336017	336026	false	Lean.Parser.Command.open
336027	336042	false	Lean.Parser.Command.namespace
336043	336229	false	Lean.Parser.Command.declaration
336230	336363	false	Lean.Parser.Command.declaration
336364	336444	false	Lean.Parser.Command.declaration
336445	336591	false	Lean.Parser.Command.declaration
336592	336726	false	Lean.Parser.Command.declaration
336727	336966	true	Lean.Parser.Command.declaration
336967	337446	true	Lean.Parser.Command.declaration
337447	337705	true	Lean.Parser.Command.declaration
337706	338963	true	Lean.Parser.Command.declaration
338964	340148	true	Lean.Parser.Command.declaration
340149	340625	true	Lean.Parser.Command.declaration
340626	340722	false	Lean.Parser.Command.declaration
340723	341256	true	Lean.Parser.Command.declaration
341257	341326	true	Lean.Parser.Command.declaration
341327	341404	true	Lean.Parser.Command.declaration
341405	341494	true	Lean.Parser.Command.declaration
341495	341547	true	Lean.Parser.Command.declaration
341548	341606	true	Lean.Parser.Command.declaration
341607	341659	true	Lean.Parser.Command.declaration
341660	341707	true	Lean.Parser.Command.declaration
341708	342474	true	Lean.Parser.Command.declaration
342475	343109	true	Lean.Parser.Command.declaration
343110	343264	true	Lean.Parser.Command.declaration
343265	343538	true	Lean.Parser.Command.declaration
343539	343640	true	Lean.Parser.Command.declaration
343641	343737	true	Lean.Parser.Command.declaration
343738	343924	true	Lean.Parser.Command.declaration
343925	352117	true	Lean.Parser.Command.in
352118	352278	false	Lean.Parser.Command.declaration
352279	353133	true	Lean.Parser.Command.declaration
353134	353187	true	Lean.Parser.Command.declaration
353188	353203	false	Lean.Parser.Command.namespace
353204	353224	false	Lean.Parser.Command.variable
353225	354248	true	Lean.Parser.Command.declaration
354249	356518	true	Lean.Parser.Command.declaration
356519	357043	true	Lean.Parser.Command.declaration
357044	357053	false	Lean.Parser.Command.end
357054	357063	false	Lean.Parser.Command.end
357064	357067	false	Lean.Parser.Command.end
357068	357089	false	Lean.Parser.Command.section
357090	357099	false	Lean.Parser.Command.open
357100	357115	false	Lean.Parser.Command.namespace
357116	358948	true	Lean.Parser.Command.declaration
358949	359008	false	Lean.Parser.Command.declaration
359009	359080	false	Lean.Parser.Command.declaration
359081	359134	false	Lean.Parser.Command.declaration
359135	359199	false	Lean.Parser.Command.declaration
359200	359272	false	Lean.Parser.Command.declaration
359273	359336	false	Lean.Parser.Command.declaration
359337	359391	true	Lean.Parser.Command.declaration
359392	359587	true	Lean.Parser.Command.declaration
359588	359783	true	Lean.Parser.Command.declaration
359784	359979	true	Lean.Parser.Command.declaration
359980	360175	true	Lean.Parser.Command.declaration
360176	360371	true	Lean.Parser.Command.declaration
360372	360567	true	Lean.Parser.Command.declaration
360568	360656	true	Lean.Parser.Command.declaration
360657	360742	true	Lean.Parser.Command.declaration
360743	360828	true	Lean.Parser.Command.declaration
360829	360844	false	Lean.Parser.Command.namespace
360845	360865	false	Lean.Parser.Command.variable
360866	361148	true	Lean.Parser.Command.declaration
361149	361629	true	Lean.Parser.Command.declaration
361630	362216	true	Lean.Parser.Command.declaration
362217	362803	true	Lean.Parser.Command.declaration
362804	362813	false	Lean.Parser.Command.end
362814	362823	false	Lean.Parser.Command.end
362824	362827	false	Lean.Parser.Command.end
362828	362849	false	Lean.Parser.Command.section
362850	362859	false	Lean.Parser.Command.open
362860	362875	false	Lean.Parser.Command.namespace
362876	363210	true	Lean.Parser.Command.declaration
363211	363545	true	Lean.Parser.Command.declaration
363546	363695	true	Lean.Parser.Command.declaration
363696	363875	true	Lean.Parser.Command.declaration
363876	364101	true	Lean.Parser.Command.declaration
364102	364130	false	Lean.Parser.Command.variable
364131	364568	true	Lean.Parser.Command.declaration
364569	365136	true	Lean.Parser.Command.declaration
365137	365824	true	Lean.Parser.Command.declaration
365825	366108	true	Lean.Parser.Command.declaration
366109	366496	true	Lean.Parser.Command.declaration
366497	367004	true	Lean.Parser.Command.declaration
367005	367014	false	Lean.Parser.Command.end
367015	367018	false	Lean.Parser.Command.end
367019	367040	false	Lean.Parser.Command.section
367041	367050	false	Lean.Parser.Command.open
367051	367066	false	Lean.Parser.Command.namespace
367067	367319	true	Lean.Parser.Command.declaration
367320	367514	true	Lean.Parser.Command.declaration
367515	367655	false	Lean.Parser.Command.declaration
367656	368173	true	Lean.Parser.Command.declaration
368174	368186	false	Lean.Parser.Command.section
368187	368286	false	Lean.Parser.Command.variable
368287	368302	false	Lean.Parser.Command.include
368303	368438	true	Lean.Parser.Command.declaration
368439	368517	true	Lean.Parser.Command.declaration
368518	369248	true	Lean.Parser.Command.declaration
369249	370176	true	Lean.Parser.Command.declaration
370177	371315	true	Lean.Parser.Command.declaration
371316	371324	false	Lean.Parser.Command.end
371325	371334	false	Lean.Parser.Command.end
371335	371338	false	Lean.Parser.Command.end
371339	371360	false	Lean.Parser.Command.section
371361	371370	false	Lean.Parser.Command.open
371371	371386	false	Lean.Parser.Command.namespace
371387	371402	false	Lean.Parser.Command.namespace
371403	371423	false	Lean.Parser.Command.variable
371424	371875	true	Lean.Parser.Command.declaration
371876	372227	true	Lean.Parser.Command.declaration
372228	373611	true	Lean.Parser.Command.declaration
373612	373898	true	Lean.Parser.Command.declaration
373899	374147	true	Lean.Parser.Command.declaration
374148	374346	true	Lean.Parser.Command.declaration
374347	374620	true	Lean.Parser.Command.declaration
374621	374865	true	Lean.Parser.Command.declaration
374866	375300	true	Lean.Parser.Command.declaration
375301	376281	true	Lean.Parser.Command.declaration
376282	377439	true	Lean.Parser.Command.declaration
377440	378473	true	Lean.Parser.Command.declaration
378474	379279	true	Lean.Parser.Command.declaration
379280	379289	false	Lean.Parser.Command.end
379290	380025	true	Lean.Parser.Command.declaration
380026	380590	true	Lean.Parser.Command.declaration
380591	380606	false	Lean.Parser.Command.namespace
380607	380627	false	Lean.Parser.Command.variable
380628	381693	true	Lean.Parser.Command.declaration
381694	382373	true	Lean.Parser.Command.declaration
382374	383370	true	Lean.Parser.Command.declaration
383371	383741	true	Lean.Parser.Command.declaration
383742	385540	true	Lean.Parser.Command.declaration
385541	385550	false	Lean.Parser.Command.end
385551	385707	true	Lean.Parser.Command.declaration
385708	385774	false	Lean.Parser.Command.declaration
385775	385881	true	Lean.Parser.Command.declaration
385882	386211	true	Lean.Parser.Command.declaration
386212	386227	false	Lean.Parser.Command.namespace
386228	386248	false	Lean.Parser.Command.variable
386249	386288	true	Lean.Parser.Command.declaration
386289	386339	false	Lean.Parser.Command.declaration
386340	386594	true	Lean.Parser.Command.declaration
386595	387112	true	Lean.Parser.Command.declaration
387113	387405	true	Lean.Parser.Command.declaration
387406	387506	true	Lean.Parser.Command.declaration
387507	388756	true	Lean.Parser.Command.declaration
388757	388766	false	Lean.Parser.Command.end
388767	388776	false	Lean.Parser.Command.end
388777	388780	false	Lean.Parser.Command.end
388781	388802	false	Lean.Parser.Command.section
388803	388821	false	Lean.Parser.Command.namespace
388822	388843	false	Lean.Parser.Command.declaration
388844	388867	false	Lean.Parser.Command.declaration
388868	388898	false	Lean.Parser.Command.declaration
388899	388925	false	Lean.Parser.Command.declaration
388926	388953	false	Lean.Parser.Command.declaration
388954	388994	false	Lean.Parser.Command.declaration
388995	389031	false	Lean.Parser.Command.declaration
389032	389068	false	Lean.Parser.Command.declaration
389069	389097	false	Lean.Parser.Command.declaration
389098	389153	true	Lean.Parser.Command.declaration
389154	389221	true	Lean.Parser.Command.declaration
389222	389326	true	Lean.Parser.Command.declaration
389327	389425	true	Lean.Parser.Command.declaration
389426	389471	false	Lean.Parser.Command.declaration
389472	389487	false	Lean.Parser.Command.namespace
389488	389526	false	Lean.Parser.Command.declaration
389527	389565	false	Lean.Parser.Command.declaration
389566	389617	false	Lean.Parser.Command.declaration
389618	389654	false	Lean.Parser.Command.declaration
389655	389700	false	Lean.Parser.Command.declaration
389701	389747	false	Lean.Parser.Command.declaration
389748	389895	false	Lean.Parser.Command.declaration
389896	389953	false	Lean.Parser.Command.declaration
389954	390051	false	Lean.Parser.Command.declaration
390052	390149	false	Lean.Parser.Command.declaration
390150	390227	false	Lean.Parser.Command.declaration
390228	390237	false	Lean.Parser.Command.end
390238	391040	true	Lean.Parser.Command.declaration
391041	391922	true	Lean.Parser.Command.declaration
391923	393160	true	Lean.Parser.Command.declaration
393161	393510	true	Lean.Parser.Command.declaration
393511	393620	false	Lean.Parser.Command.attribute
393621	393633	false	Lean.Parser.Command.end
393634	393637	false	Lean.Parser.Command.end
393638	393659	false	Lean.Parser.Command.section
393660	393682	false	Lean.Parser.Command.namespace
393683	393696	false	Lean.Parser.Command.open
393697	393813	false	Lean.Parser.Command.declaration
393814	393896	false	Lean.Parser.Command.declaration
393897	394173	false	Lean.Parser.Command.declaration
394174	394472	false	Lean.Parser.Command.declaration
394473	394649	false	Lean.Parser.Command.declaration
394650	394852	false	Lean.Parser.Command.declaration
394853	395055	false	Lean.Parser.Command.declaration
395056	395260	false	Lean.Parser.Command.declaration
395261	395342	false	Lean.Parser.Command.declaration
395343	395765	false	Lean.Parser.Command.declaration
395766	396041	false	Lean.Parser.Command.declaration
396042	396252	false	Lean.Parser.Command.declaration
396253	396570	false	Lean.Parser.Command.declaration
396571	396728	false	Lean.Parser.Command.declaration
396729	396899	false	Lean.Parser.Command.declaration
396900	397015	false	Lean.Parser.Command.declaration
397016	397155	false	Lean.Parser.Command.declaration
397156	397379	false	Lean.Parser.Command.declaration
397380	397976	false	Lean.Parser.Command.declaration
397977	398079	false	Lean.Parser.Command.declaration
398080	398279	false	Lean.Parser.Command.declaration
398280	398578	false	Lean.Parser.Command.declaration
398579	398665	true	Lean.Parser.Command.declaration
398666	398917	true	Lean.Parser.Command.declaration
398918	399428	true	Lean.Parser.Command.declaration
399429	399961	true	Lean.Parser.Command.declaration
399962	400672	true	Lean.Parser.Command.declaration
400673	400871	true	Lean.Parser.Command.declaration
400872	401039	false	Lean.Parser.Command.declaration
401040	401155	true	Lean.Parser.Command.declaration
401156	401346	true	Lean.Parser.Command.declaration
401347	401397	true	Lean.Parser.Command.declaration
401398	401542	true	Lean.Parser.Command.declaration
401543	402189	true	Lean.Parser.Command.declaration
402190	402869	true	Lean.Parser.Command.declaration
402870	404354	true	Lean.Parser.Command.declaration
404355	404413	true	Lean.Parser.Command.declaration
404414	404572	false	Lean.Parser.Command.declaration
404573	406789	true	Lean.Parser.Command.declaration
406790	407124	true	Lean.Parser.Command.declaration
407125	407328	true	Lean.Parser.Command.declaration
407329	407695	true	Lean.Parser.Command.declaration
407696	408962	true	Lean.Parser.Command.declaration
408963	412105	true	Lean.Parser.Command.declaration
412106	415317	true	Lean.Parser.Command.declaration
415318	415502	false	Lean.Parser.Command.declaration
415503	417316	true	Lean.Parser.Command.declaration
417317	417333	false	Lean.Parser.Command.end
417334	417337	false	Lean.Parser.Command.end
417338	417359	false	Lean.Parser.Command.section
417360	417383	false	Lean.Parser.Command.namespace
417384	417410	false	Lean.Parser.Command.open
417411	417530	false	Lean.Parser.Command.declaration
417531	417932	false	Lean.Parser.Command.declaration
417933	418143	false	Lean.Parser.Command.declaration
418144	418161	false	Lean.Parser.Command.end
418162	418165	false	Lean.Parser.Command.end
418166	418185	false	Lean.Parser.Command.section
418186	418209	false	Lean.Parser.Command.namespace
418210	418236	false	Lean.Parser.Command.open
418237	418330	false	Lean.Parser.Command.declaration
418331	418380	false	Lean.Parser.Command.declaration
418381	418428	false	Lean.Parser.Command.declaration
418429	418535	false	Lean.Parser.Command.declaration
418536	418620	false	Lean.Parser.Command.declaration
418621	418899	false	Lean.Parser.Command.declaration
418900	419201	false	Lean.Parser.Command.declaration
419202	419626	false	Lean.Parser.Command.declaration
419627	419718	false	Lean.Parser.Command.declaration
419719	420317	false	Lean.Parser.Command.declaration
420318	420422	false	Lean.Parser.Command.declaration
420423	420625	false	Lean.Parser.Command.declaration
420626	420924	false	Lean.Parser.Command.declaration
420925	420942	false	Lean.Parser.Command.end
420943	420958	false	Lean.Parser.Command.end
420959	420980	false	Lean.Parser.Command.section
420981	421004	false	Lean.Parser.Command.namespace
421005	421031	false	Lean.Parser.Command.open
421032	421105	false	Lean.Parser.Command.declaration
421106	421308	false	Lean.Parser.Command.declaration
421309	421396	true	Lean.Parser.Command.declaration
421397	421479	true	Lean.Parser.Command.declaration
421480	421530	true	Lean.Parser.Command.declaration
421531	423839	true	Lean.Parser.Command.declaration
423840	425288	true	Lean.Parser.Command.declaration
425289	425306	false	Lean.Parser.Command.end
425307	425310	false	Lean.Parser.Command.end
425311	425332	false	Lean.Parser.Command.section
425333	425356	false	Lean.Parser.Command.namespace
425357	425383	false	Lean.Parser.Command.open
425384	425561	false	Lean.Parser.Command.declaration
425562	425728	true	Lean.Parser.Command.declaration
425729	425847	true	Lean.Parser.Command.declaration
425848	426198	true	Lean.Parser.Command.declaration
426199	426576	true	Lean.Parser.Command.declaration
426577	426665	true	Lean.Parser.Command.declaration
426666	427166	true	Lean.Parser.Command.declaration
427167	427697	true	Lean.Parser.Command.declaration
427698	428231	true	Lean.Parser.Command.declaration
428232	428372	false	Lean.Parser.Command.declaration
428373	428439	true	Lean.Parser.Command.declaration
428440	428567	true	Lean.Parser.Command.declaration
428568	429041	true	Lean.Parser.Command.declaration
429042	429724	true	Lean.Parser.Command.declaration
429725	429991	true	Lean.Parser.Command.declaration
429992	430053	true	Lean.Parser.Command.declaration
430054	430215	false	Lean.Parser.Command.declaration
430216	432337	true	Lean.Parser.Command.declaration
432338	432679	true	Lean.Parser.Command.declaration
432680	432887	true	Lean.Parser.Command.declaration
432888	433258	true	Lean.Parser.Command.declaration
433259	434501	true	Lean.Parser.Command.declaration
434502	437660	true	Lean.Parser.Command.declaration
437661	440502	true	Lean.Parser.Command.declaration
440503	440704	true	Lean.Parser.Command.declaration
440705	440722	false	Lean.Parser.Command.end
440723	440726	false	Lean.Parser.Command.end
440727	440748	false	Lean.Parser.Command.section
440749	440772	false	Lean.Parser.Command.namespace
440773	440799	false	Lean.Parser.Command.open
440800	441048	true	Lean.Parser.Command.declaration
441049	441141	true	Lean.Parser.Command.declaration
441142	441159	false	Lean.Parser.Command.end
441160	441163	false	Lean.Parser.Command.end
441164	441181	false	Lean.Parser.Command.section
441182	441205	false	Lean.Parser.Command.namespace
441206	441232	false	Lean.Parser.Command.open
441233	441297	false	Lean.Parser.Command.declaration
441298	441592	false	Lean.Parser.Command.declaration
441593	441913	false	Lean.Parser.Command.declaration
441914	441931	false	Lean.Parser.Command.end
441932	441945	false	Lean.Parser.Command.end
441946	441967	false	Lean.Parser.Command.section
441968	441991	false	Lean.Parser.Command.namespace
441992	442018	false	Lean.Parser.Command.open
442019	442180	false	Lean.Parser.Command.declaration
442181	443887	true	Lean.Parser.Command.declaration
443888	446157	true	Lean.Parser.Command.declaration
446158	446308	true	Lean.Parser.Command.declaration
446309	446346	true	Lean.Parser.Command.declaration
446347	446384	true	Lean.Parser.Command.declaration
446385	446402	false	Lean.Parser.Command.end
446403	446406	false	Lean.Parser.Command.end
446407	446423	false	Lean.Parser.Command.section
446424	446447	false	Lean.Parser.Command.namespace
446448	446474	false	Lean.Parser.Command.open
446475	446541	false	Lean.Parser.Command.declaration
446542	446743	false	Lean.Parser.Command.declaration
446744	446874	false	Lean.Parser.Command.declaration
446875	446960	false	Lean.Parser.Command.declaration
446961	447043	false	Lean.Parser.Command.declaration
447044	447133	false	Lean.Parser.Command.declaration
447134	447296	false	Lean.Parser.Command.declaration
447297	447417	false	Lean.Parser.Command.declaration
447418	447533	false	Lean.Parser.Command.declaration
447534	447651	false	Lean.Parser.Command.declaration
447652	447904	false	Lean.Parser.Command.declaration
447905	447922	false	Lean.Parser.Command.end
447923	447935	false	Lean.Parser.Command.end
447936	447957	false	Lean.Parser.Command.section
447958	447976	false	Lean.Parser.Command.namespace
447977	447989	false	Lean.Parser.Command.end
447990	448013	false	Lean.Parser.Command.namespace
448014	448040	false	Lean.Parser.Command.open
448041	448263	true	Lean.Parser.Command.declaration
448264	448454	true	Lean.Parser.Command.declaration
448455	449483	true	Lean.Parser.Command.declaration
449484	449629	false	Lean.Parser.Command.declaration
449630	450561	true	Lean.Parser.Command.declaration
450562	450579	false	Lean.Parser.Command.end
450580	450583	false	Lean.Parser.Command.end
450584	450599	false	Lean.Parser.Command.section
450600	450623	false	Lean.Parser.Command.namespace
450624	450650	false	Lean.Parser.Command.open
450651	450889	false	Lean.Parser.Command.declaration
450890	451128	false	Lean.Parser.Command.declaration
451129	451346	false	Lean.Parser.Command.declaration
451347	451566	false	Lean.Parser.Command.declaration
451567	451653	false	Lean.Parser.Command.declaration
451654	451847	false	Lean.Parser.Command.declaration
451848	452076	false	Lean.Parser.Command.declaration
452077	452305	false	Lean.Parser.Command.declaration
452306	452436	false	Lean.Parser.Command.declaration
452437	452454	false	Lean.Parser.Command.end
452455	452466	false	Lean.Parser.Command.end
452467	452488	false	Lean.Parser.Command.section
452489	452507	false	Lean.Parser.Command.namespace
452508	453194	true	Lean.Parser.Command.declaration
453195	455911	true	Lean.Parser.Command.declaration
455912	455924	false	Lean.Parser.Command.end
455925	455948	false	Lean.Parser.Command.namespace
455949	455975	false	Lean.Parser.Command.open
455976	456613	true	Lean.Parser.Command.declaration
456614	456761	true	Lean.Parser.Command.declaration
456762	457362	true	Lean.Parser.Command.declaration
457363	457662	true	Lean.Parser.Command.declaration
457663	458025	true	Lean.Parser.Command.declaration
458026	458171	true	Lean.Parser.Command.declaration
458172	458189	false	Lean.Parser.Command.end
458190	458193	false	Lean.Parser.Command.end
458194	458215	false	Lean.Parser.Command.section
458216	458239	false	Lean.Parser.Command.namespace
458240	458266	false	Lean.Parser.Command.open
458267	458284	false	Lean.Parser.Command.end
458285	458288	false	Lean.Parser.Command.end
458289	458310	false	Lean.Parser.Command.section
458311	458320	false	Lean.Parser.Command.open
458321	458339	false	Lean.Parser.Command.namespace
458340	459697	true	Lean.Parser.Command.declaration
459698	460255	true	Lean.Parser.Command.declaration
460256	460331	false	Lean.Parser.Command.declaration
460332	460469	false	Lean.Parser.Command.declaration
460470	460539	true	Lean.Parser.Command.declaration
460540	462000	true	Lean.Parser.Command.declaration
462001	462200	true	Lean.Parser.Command.declaration
462201	462213	false	Lean.Parser.Command.end
462214	462217	false	Lean.Parser.Command.end
462218	462239	false	Lean.Parser.Command.section
462240	462264	false	Lean.Parser.Command.namespace
462265	462305	false	Lean.Parser.Command.open
462306	462359	false	Lean.Parser.Command.declaration
462360	462470	true	Lean.Parser.Command.declaration
462471	462564	true	Lean.Parser.Command.declaration
462565	462656	true	Lean.Parser.Command.declaration
462657	462922	true	Lean.Parser.Command.declaration
462923	462974	true	Lean.Parser.Command.declaration
462975	463232	true	Lean.Parser.Command.declaration
463233	463490	true	Lean.Parser.Command.declaration
463491	463509	false	Lean.Parser.Command.end
463510	463533	false	Lean.Parser.Command.namespace
463534	463560	false	Lean.Parser.Command.open
463561	463578	false	Lean.Parser.Command.end
463579	463582	false	Lean.Parser.Command.end
463583	463604	false	Lean.Parser.Command.section
463605	463629	false	Lean.Parser.Command.namespace
463630	463670	false	Lean.Parser.Command.open
463671	463711	false	Lean.Parser.Command.declaration
463712	463789	false	Lean.Parser.Command.declaration
463790	463861	false	Lean.Parser.Command.declaration
463862	463933	false	Lean.Parser.Command.declaration
463934	464279	false	Lean.Parser.Command.declaration
464280	464403	false	Lean.Parser.Command.declaration
464404	464518	false	Lean.Parser.Command.declaration
464519	464620	false	Lean.Parser.Command.declaration
464621	464899	true	Lean.Parser.Command.declaration
464900	465897	true	Lean.Parser.Command.declaration
465898	467032	true	Lean.Parser.Command.declaration
467033	467171	false	Lean.Parser.Command.declaration
467172	467571	true	Lean.Parser.Command.declaration
467572	467697	false	Lean.Parser.Command.declaration
467698	467880	true	Lean.Parser.Command.declaration
467881	468259	true	Lean.Parser.Command.declaration
468260	468416	false	Lean.Parser.Command.declaration
468417	468689	true	Lean.Parser.Command.declaration
468690	468962	true	Lean.Parser.Command.declaration
468963	469084	false	Lean.Parser.Command.declaration
469085	469206	false	Lean.Parser.Command.declaration
469207	469303	false	Lean.Parser.Command.declaration
469304	469371	false	Lean.Parser.Command.declaration
469372	469472	false	Lean.Parser.Command.declaration
469473	469962	true	Lean.Parser.Command.declaration
469963	470230	false	Lean.Parser.Command.declaration
470231	473578	true	Lean.Parser.Command.declaration
473579	473670	false	Lean.Parser.Command.declaration
473671	474020	true	Lean.Parser.Command.declaration
474021	474160	true	Lean.Parser.Command.declaration
474161	474340	false	Lean.Parser.Command.declaration
474341	475813	true	Lean.Parser.Command.declaration
475814	476278	true	Lean.Parser.Command.declaration
476279	477367	true	Lean.Parser.Command.declaration
477368	477607	true	Lean.Parser.Command.declaration
477608	477802	true	Lean.Parser.Command.declaration
477803	477930	false	Lean.Parser.Command.declaration
477931	478030	true	Lean.Parser.Command.declaration
478031	478638	false	Lean.Parser.Command.declaration
478639	478687	false	Lean.Parser.Command.declaration
478688	478748	true	Lean.Parser.Command.declaration
478749	478886	false	Lean.Parser.Command.declaration
478887	478974	false	Lean.Parser.Command.declaration
478975	479062	false	Lean.Parser.Command.declaration
479063	479144	false	Lean.Parser.Command.declaration
479145	479201	false	Lean.Parser.Command.declaration
479202	479659	false	Lean.Parser.Command.declaration
479660	479878	false	Lean.Parser.Command.declaration
479879	480206	false	Lean.Parser.Command.declaration
480207	480576	false	Lean.Parser.Command.declaration
480577	480705	true	Lean.Parser.Command.declaration
480706	481123	true	Lean.Parser.Command.declaration
481124	481500	true	Lean.Parser.Command.declaration
481501	481878	true	Lean.Parser.Command.declaration
481879	482239	true	Lean.Parser.Command.declaration
482240	482258	false	Lean.Parser.Command.end
482259	482262	false	Lean.Parser.Command.end
482263	482284	false	Lean.Parser.Command.section
482285	482309	false	Lean.Parser.Command.namespace
482310	482350	false	Lean.Parser.Command.open
482351	482390	false	Lean.Parser.Command.declaration
482391	482460	false	Lean.Parser.Command.declaration
482461	482532	false	Lean.Parser.Command.declaration
482533	482606	false	Lean.Parser.Command.declaration
482607	482680	false	Lean.Parser.Command.declaration
482681	482796	false	Lean.Parser.Command.declaration
482797	482952	false	Lean.Parser.Command.declaration
482953	483253	true	Lean.Parser.Command.declaration
483254	483713	true	Lean.Parser.Command.declaration
483714	483853	true	Lean.Parser.Command.declaration
483854	484013	true	Lean.Parser.Command.declaration
484014	484293	true	Lean.Parser.Command.declaration
484294	484509	false	Lean.Parser.Command.declaration
484510	484725	false	Lean.Parser.Command.declaration
484726	484817	false	Lean.Parser.Command.declaration
484818	485350	false	Lean.Parser.Command.declaration
485351	485587	false	Lean.Parser.Command.declaration
485588	485716	false	Lean.Parser.Command.declaration
485717	485960	false	Lean.Parser.Command.declaration
485961	486082	false	Lean.Parser.Command.declaration
486083	487399	true	Lean.Parser.Command.declaration
487400	488084	true	Lean.Parser.Command.declaration
488085	488103	false	Lean.Parser.Command.end
488104	488107	false	Lean.Parser.Command.end
488108	488129	false	Lean.Parser.Command.section
488130	488154	false	Lean.Parser.Command.namespace
488155	488195	false	Lean.Parser.Command.open
488196	488518	false	Lean.Parser.Command.declaration
488519	488655	false	Lean.Parser.Command.declaration
488656	491068	true	Lean.Parser.Command.declaration
491069	491299	true	Lean.Parser.Command.declaration
491300	491600	false	Lean.Parser.Command.declaration
491601	491790	true	Lean.Parser.Command.declaration
491791	492351	true	Lean.Parser.Command.declaration
492352	492942	true	Lean.Parser.Command.declaration
492943	496878	true	Lean.Parser.Command.declaration
496879	496897	false	Lean.Parser.Command.end
496898	496901	false	Lean.Parser.Command.end
496902	496923	false	Lean.Parser.Command.section
496924	496948	false	Lean.Parser.Command.namespace
496949	496989	false	Lean.Parser.Command.open
496990	497085	false	Lean.Parser.Command.declaration
497086	497185	false	Lean.Parser.Command.declaration
497186	497282	false	Lean.Parser.Command.declaration
497283	497379	false	Lean.Parser.Command.declaration
497380	497492	false	Lean.Parser.Command.declaration
497493	497583	true	Lean.Parser.Command.declaration
497584	497740	true	Lean.Parser.Command.declaration
497741	498014	true	Lean.Parser.Command.declaration
498015	498416	true	Lean.Parser.Command.declaration
498417	498720	true	Lean.Parser.Command.declaration
498721	499087	true	Lean.Parser.Command.declaration
499088	499226	false	Lean.Parser.Command.declaration
499227	500702	true	Lean.Parser.Command.declaration
500703	500721	false	Lean.Parser.Command.end
500722	500725	false	Lean.Parser.Command.end
500726	500747	false	Lean.Parser.Command.section
500748	500771	false	Lean.Parser.Command.namespace
500772	500813	false	Lean.Parser.Command.open
500814	501015	false	Lean.Parser.Command.declaration
501016	501371	false	Lean.Parser.Command.declaration
501372	501452	false	Lean.Parser.Command.declaration
501453	501620	false	Lean.Parser.Command.declaration
501621	501807	false	Lean.Parser.Command.declaration
501808	502497	false	Lean.Parser.Command.declaration
502498	502771	false	Lean.Parser.Command.declaration
502772	503065	true	Lean.Parser.Command.declaration
503066	503716	true	Lean.Parser.Command.declaration
503717	504281	true	Lean.Parser.Command.declaration
504282	505730	true	Lean.Parser.Command.declaration
505731	507453	true	Lean.Parser.Command.declaration
507454	507527	true	Lean.Parser.Command.declaration
507528	507600	true	Lean.Parser.Command.declaration
507601	507726	true	Lean.Parser.Command.declaration
507727	507823	true	Lean.Parser.Command.declaration
507824	508123	true	Lean.Parser.Command.declaration
508124	509479	true	Lean.Parser.Command.declaration
509480	510858	true	Lean.Parser.Command.declaration
510859	511505	true	Lean.Parser.Command.declaration
511506	512149	true	Lean.Parser.Command.declaration
512150	512548	false	Lean.Parser.Command.declaration
512549	518844	true	Lean.Parser.Command.declaration
518845	522600	true	Lean.Parser.Command.declaration
522601	522962	false	Lean.Parser.Command.declaration
522963	525092	true	Lean.Parser.Command.declaration
525093	525110	false	Lean.Parser.Command.end
525111	525114	false	Lean.Parser.Command.end
525115	525136	false	Lean.Parser.Command.section
525137	525161	false	Lean.Parser.Command.namespace
525162	525202	false	Lean.Parser.Command.open
525203	525435	false	Lean.Parser.Command.declaration
525436	526423	true	Lean.Parser.Command.declaration
526424	527691	false	Lean.Parser.Command.declaration
527692	535030	true	Lean.Parser.Command.declaration
535031	535049	false	Lean.Parser.Command.end
535050	535053	false	Lean.Parser.Command.end
535054	535075	false	Lean.Parser.Command.section
535076	535100	false	Lean.Parser.Command.namespace
535101	535141	false	Lean.Parser.Command.open
535142	535233	false	Lean.Parser.Command.declaration
535234	535587	true	Lean.Parser.Command.declaration
535588	535806	false	Lean.Parser.Command.declaration
535807	536577	false	Lean.Parser.Command.declaration
536578	536870	true	Lean.Parser.Command.declaration
536871	537014	true	Lean.Parser.Command.declaration
537015	537131	false	Lean.Parser.Command.declaration
537132	537294	true	Lean.Parser.Command.declaration
537295	537431	true	Lean.Parser.Command.declaration
537432	537565	true	Lean.Parser.Command.declaration
537566	537584	false	Lean.Parser.Command.end
537585	537588	false	Lean.Parser.Command.end
537589	537610	false	Lean.Parser.Command.section
537611	537635	false	Lean.Parser.Command.namespace
537636	537676	false	Lean.Parser.Command.open
537677	537759	false	Lean.Parser.Command.declaration
537760	537964	false	Lean.Parser.Command.declaration
537965	538085	false	Lean.Parser.Command.declaration
538086	538219	false	Lean.Parser.Command.declaration
538220	538275	false	Lean.Parser.Command.declaration
538276	538399	true	Lean.Parser.Command.declaration
538400	538536	false	Lean.Parser.Command.declaration
538537	538701	false	Lean.Parser.Command.declaration
538702	538866	false	Lean.Parser.Command.declaration
538867	539010	false	Lean.Parser.Command.declaration
539011	539154	false	Lean.Parser.Command.declaration
539155	539280	false	Lean.Parser.Command.declaration
539281	539406	false	Lean.Parser.Command.declaration
539407	539481	false	Lean.Parser.Command.declaration
539482	539556	false	Lean.Parser.Command.declaration
539557	539806	false	Lean.Parser.Command.declaration
539807	540056	false	Lean.Parser.Command.declaration
540057	540387	false	Lean.Parser.Command.declaration
540388	540541	true	Lean.Parser.Command.declaration
540542	540680	true	Lean.Parser.Command.declaration
540681	540688	false	Lean.Parser.Command.section
540689	540775	false	Lean.Parser.Command.variable
540776	541961	true	Lean.Parser.Command.declaration
541962	542392	true	Lean.Parser.Command.declaration
542393	543188	true	Lean.Parser.Command.declaration
543189	544036	true	Lean.Parser.Command.declaration
544037	544258	true	Lean.Parser.Command.declaration
544259	544906	true	Lean.Parser.Command.declaration
544907	545554	true	Lean.Parser.Command.declaration
545555	546866	true	Lean.Parser.Command.declaration
546867	547100	true	Lean.Parser.Command.declaration
547101	547104	false	Lean.Parser.Command.end
547105	547629	true	Lean.Parser.Command.declaration
547630	548228	true	Lean.Parser.Command.declaration
548229	548247	false	Lean.Parser.Command.end
548248	548251	false	Lean.Parser.Command.end
548252	548281	false	Lean.Parser.Command.set_option
548282	548314	false	Lean.Parser.Command.set_option
548315	548336	false	Lean.Parser.Command.section
548337	548361	false	Lean.Parser.Command.namespace
548362	548417	false	Lean.Parser.Command.open
548418	548440	false	Lean.Parser.Command.declaration
548441	548474	false	Lean.Parser.Command.declaration
548475	548673	false	Lean.Parser.Command.declaration
548674	548710	true	Lean.Parser.Command.declaration
548711	548781	false	Lean.Parser.Command.declaration
548782	549364	false	Lean.Parser.Command.declaration
549365	549404	true	Lean.Parser.Command.declaration
549405	549636	false	Lean.Parser.Command.declaration
549637	549676	true	Lean.Parser.Command.declaration
549677	549702	false	Lean.Parser.Command.declaration
549703	551208	false	Lean.Parser.Command.declaration
551209	551435	true	Lean.Parser.Command.declaration
551436	551494	false	Lean.Parser.Command.declaration
551495	551734	false	Lean.Parser.Command.declaration
551735	552154	false	Lean.Parser.Command.declaration
552155	553005	false	Lean.Parser.Command.declaration
553006	553319	true	Lean.Parser.Command.declaration
553320	553799	false	Lean.Parser.Command.declaration
553800	554160	false	Lean.Parser.Command.declaration
554161	554279	false	Lean.Parser.Command.declaration
554280	554310	false	Lean.Parser.Command.declaration
554311	554410	false	Lean.Parser.Command.declaration
554411	554548	false	Lean.Parser.Command.declaration
554549	554630	true	Lean.Parser.Command.declaration
554631	554897	true	Lean.Parser.Command.declaration
554898	555703	true	Lean.Parser.Command.declaration
555704	560239	false	Lean.Parser.Command.declaration
560240	564775	false	Lean.Parser.Command.declaration
564776	569317	false	Lean.Parser.Command.declaration
569318	573883	false	Lean.Parser.Command.declaration
573884	578455	false	Lean.Parser.Command.declaration
578456	583015	false	Lean.Parser.Command.declaration
583016	587593	false	Lean.Parser.Command.declaration
587594	592130	false	Lean.Parser.Command.declaration
592131	596673	false	Lean.Parser.Command.declaration
596674	601234	false	Lean.Parser.Command.declaration
601235	605783	false	Lean.Parser.Command.declaration
605784	610332	false	Lean.Parser.Command.declaration
610333	614899	false	Lean.Parser.Command.declaration
614900	619442	false	Lean.Parser.Command.declaration
619443	624003	false	Lean.Parser.Command.declaration
624004	628552	false	Lean.Parser.Command.declaration
628553	633101	false	Lean.Parser.Command.declaration
633102	637668	false	Lean.Parser.Command.declaration
637669	642229	false	Lean.Parser.Command.declaration
642230	646778	false	Lean.Parser.Command.declaration
646779	651327	false	Lean.Parser.Command.declaration
651328	655894	false	Lean.Parser.Command.declaration
655895	660449	false	Lean.Parser.Command.declaration
660450	665004	false	Lean.Parser.Command.declaration
665005	669565	false	Lean.Parser.Command.declaration
669566	674114	false	Lean.Parser.Command.declaration
674115	678681	false	Lean.Parser.Command.declaration
678682	683236	false	Lean.Parser.Command.declaration
683237	683244	false	Lean.Parser.Command.section
683245	683324	false	Lean.Parser.Command.variable
683325	683336	false	Lean.Parser.Command.include
683337	683537	false	Lean.Parser.Command.in
683538	683642	true	Lean.Parser.Command.declaration
683643	683747	true	Lean.Parser.Command.declaration
683748	683852	true	Lean.Parser.Command.declaration
683853	683957	true	Lean.Parser.Command.declaration
683958	684062	true	Lean.Parser.Command.declaration
684063	684167	true	Lean.Parser.Command.declaration
684168	684272	true	Lean.Parser.Command.declaration
684273	684380	true	Lean.Parser.Command.declaration
684381	684488	true	Lean.Parser.Command.declaration
684489	684596	true	Lean.Parser.Command.declaration
684597	684704	true	Lean.Parser.Command.declaration
684705	684812	true	Lean.Parser.Command.declaration
684813	684920	true	Lean.Parser.Command.declaration
684921	685028	true	Lean.Parser.Command.declaration
685029	685136	true	Lean.Parser.Command.declaration
685137	685244	true	Lean.Parser.Command.declaration
685245	685352	true	Lean.Parser.Command.declaration
685353	685461	true	Lean.Parser.Command.declaration
685462	685570	true	Lean.Parser.Command.declaration
685571	685679	true	Lean.Parser.Command.declaration
685680	685788	true	Lean.Parser.Command.declaration
685789	685897	true	Lean.Parser.Command.declaration
685898	686006	true	Lean.Parser.Command.declaration
686007	686115	true	Lean.Parser.Command.declaration
686116	686224	true	Lean.Parser.Command.declaration
686225	686333	true	Lean.Parser.Command.declaration
686334	686442	true	Lean.Parser.Command.declaration
686443	686551	true	Lean.Parser.Command.declaration
686552	686555	false	Lean.Parser.Command.end
686556	688519	false	Lean.Parser.Command.declaration
688520	690772	true	Lean.Parser.Command.declaration
690773	693649	false	Lean.Parser.Command.declaration
693650	693997	true	Lean.Parser.Command.declaration
693998	694075	false	Lean.Parser.Command.declaration
694076	694231	false	Lean.Parser.Command.declaration
694232	696172	false	Lean.Parser.Command.declaration
696173	696331	false	Lean.Parser.Command.declaration
696332	696457	true	Lean.Parser.Command.declaration
696458	696813	true	Lean.Parser.Command.declaration
696814	697027	true	Lean.Parser.Command.declaration
697028	722213	false	Lean.Parser.Command.declaration
722214	724153	true	Lean.Parser.Command.declaration
724154	729526	false	Lean.Parser.Command.declaration
729527	730270	true	Lean.Parser.Command.declaration
730271	730607	false	Lean.Parser.Command.declaration
730608	731865	false	Lean.Parser.Command.declaration
731866	732008	true	Lean.Parser.Command.declaration
732009	733266	true	Lean.Parser.Command.declaration
733267	733672	false	Lean.Parser.Command.declaration
733673	733929	false	Lean.Parser.Command.declaration
733930	734135	false	Lean.Parser.Command.declaration
734136	734694	true	Lean.Parser.Command.declaration
734695	735045	true	Lean.Parser.Command.declaration
735046	735446	true	Lean.Parser.Command.declaration
735447	735495	false	Lean.Parser.Command.declaration
735496	735621	true	Lean.Parser.Command.declaration
735622	736206	true	Lean.Parser.Command.declaration
736207	736225	false	Lean.Parser.Command.end
736226	736229	false	Lean.Parser.Command.end
736230	736251	false	Lean.Parser.Command.section
736252	736280	false	Lean.Parser.Command.namespace
736281	736351	false	Lean.Parser.Command.open
736352	736381	false	Lean.Parser.Command.set_option
736382	740492	false	Lean.Parser.Command.declaration
740493	740572	false	Lean.Parser.Command.declaration
740573	740652	false	Lean.Parser.Command.declaration
740653	740732	false	Lean.Parser.Command.declaration
740733	740812	false	Lean.Parser.Command.declaration
740813	740891	false	Lean.Parser.Command.declaration
740892	740970	false	Lean.Parser.Command.declaration
740971	741049	false	Lean.Parser.Command.declaration
741050	741128	false	Lean.Parser.Command.declaration
741129	741207	false	Lean.Parser.Command.declaration
741208	741286	false	Lean.Parser.Command.declaration
741287	741365	false	Lean.Parser.Command.declaration
741366	741444	false	Lean.Parser.Command.declaration
741445	741523	false	Lean.Parser.Command.declaration
741524	741602	false	Lean.Parser.Command.declaration
741603	741680	false	Lean.Parser.Command.declaration
741681	741758	false	Lean.Parser.Command.declaration
741759	741836	false	Lean.Parser.Command.declaration
741837	741912	false	Lean.Parser.Command.declaration
741913	741989	false	Lean.Parser.Command.declaration
741990	742067	false	Lean.Parser.Command.declaration
742068	742145	false	Lean.Parser.Command.declaration
742146	742223	false	Lean.Parser.Command.declaration
742224	742301	false	Lean.Parser.Command.declaration
742302	742380	false	Lean.Parser.Command.declaration
742381	742459	false	Lean.Parser.Command.declaration
742460	742538	false	Lean.Parser.Command.declaration
742539	742617	false	Lean.Parser.Command.declaration
742618	742696	false	Lean.Parser.Command.declaration
742697	742775	false	Lean.Parser.Command.declaration
742776	742854	false	Lean.Parser.Command.declaration
742855	742933	false	Lean.Parser.Command.declaration
742934	743012	false	Lean.Parser.Command.declaration
743013	743091	false	Lean.Parser.Command.declaration
743092	743170	false	Lean.Parser.Command.declaration
743171	743249	false	Lean.Parser.Command.declaration
743250	743328	false	Lean.Parser.Command.declaration
743329	743407	false	Lean.Parser.Command.declaration
743408	743486	false	Lean.Parser.Command.declaration
743487	743565	false	Lean.Parser.Command.declaration
743566	743644	false	Lean.Parser.Command.declaration
743645	743722	false	Lean.Parser.Command.declaration
743723	743800	false	Lean.Parser.Command.declaration
743801	743878	false	Lean.Parser.Command.declaration
743879	743956	false	Lean.Parser.Command.declaration
743957	744034	false	Lean.Parser.Command.declaration
744035	744112	false	Lean.Parser.Command.declaration
744113	744190	false	Lean.Parser.Command.declaration
744191	744267	false	Lean.Parser.Command.declaration
744268	744344	false	Lean.Parser.Command.declaration
744345	744419	false	Lean.Parser.Command.declaration
744420	744496	false	Lean.Parser.Command.declaration
744497	744573	false	Lean.Parser.Command.declaration
744574	744651	false	Lean.Parser.Command.declaration
744652	744729	false	Lean.Parser.Command.declaration
744730	744807	false	Lean.Parser.Command.declaration
744808	744885	false	Lean.Parser.Command.declaration
744886	744963	false	Lean.Parser.Command.declaration
744964	745041	false	Lean.Parser.Command.declaration
745042	745119	false	Lean.Parser.Command.declaration
745120	745197	false	Lean.Parser.Command.declaration
745198	745275	false	Lean.Parser.Command.declaration
745276	745353	false	Lean.Parser.Command.declaration
745354	745431	false	Lean.Parser.Command.declaration
745432	745509	false	Lean.Parser.Command.declaration
745510	745587	false	Lean.Parser.Command.declaration
745588	745665	false	Lean.Parser.Command.declaration
745666	745743	false	Lean.Parser.Command.declaration
745744	745821	false	Lean.Parser.Command.declaration
745822	745899	false	Lean.Parser.Command.declaration
745900	745977	false	Lean.Parser.Command.declaration
745978	746055	false	Lean.Parser.Command.declaration
746056	746133	false	Lean.Parser.Command.declaration
746134	746211	false	Lean.Parser.Command.declaration
746212	746289	false	Lean.Parser.Command.declaration
746290	746367	false	Lean.Parser.Command.declaration
746368	746445	false	Lean.Parser.Command.declaration
746446	746523	false	Lean.Parser.Command.declaration
746524	746600	false	Lean.Parser.Command.declaration
746601	746677	false	Lean.Parser.Command.declaration
746678	746754	false	Lean.Parser.Command.declaration
746755	746821	false	Lean.Parser.Command.declaration
746822	746897	false	Lean.Parser.Command.declaration
746898	746974	false	Lean.Parser.Command.declaration
746975	747051	false	Lean.Parser.Command.declaration
747052	747129	false	Lean.Parser.Command.declaration
747130	747208	false	Lean.Parser.Command.declaration
747209	747287	false	Lean.Parser.Command.declaration
747288	747366	false	Lean.Parser.Command.declaration
747367	747445	false	Lean.Parser.Command.declaration
747446	747524	false	Lean.Parser.Command.declaration
747525	747603	false	Lean.Parser.Command.declaration
747604	747682	false	Lean.Parser.Command.declaration
747683	747761	false	Lean.Parser.Command.declaration
747762	747840	false	Lean.Parser.Command.declaration
747841	747919	false	Lean.Parser.Command.declaration
747920	747998	false	Lean.Parser.Command.declaration
747999	748077	false	Lean.Parser.Command.declaration
748078	748156	false	Lean.Parser.Command.declaration
748157	748235	false	Lean.Parser.Command.declaration
748236	748314	false	Lean.Parser.Command.declaration
748315	748393	false	Lean.Parser.Command.declaration
748394	748472	false	Lean.Parser.Command.declaration
748473	748551	false	Lean.Parser.Command.declaration
748552	748630	false	Lean.Parser.Command.declaration
748631	748709	false	Lean.Parser.Command.declaration
748710	748788	false	Lean.Parser.Command.declaration
748789	748867	false	Lean.Parser.Command.declaration
748868	748945	false	Lean.Parser.Command.declaration
748946	749023	false	Lean.Parser.Command.declaration
749024	749101	false	Lean.Parser.Command.declaration
749102	749178	false	Lean.Parser.Command.declaration
749179	749246	false	Lean.Parser.Command.declaration
749247	749323	false	Lean.Parser.Command.declaration
749324	749401	false	Lean.Parser.Command.declaration
749402	749479	false	Lean.Parser.Command.declaration
749480	749557	false	Lean.Parser.Command.declaration
749558	749635	false	Lean.Parser.Command.declaration
749636	749714	false	Lean.Parser.Command.declaration
749715	749793	false	Lean.Parser.Command.declaration
749794	749872	false	Lean.Parser.Command.declaration
749873	749951	false	Lean.Parser.Command.declaration
749952	750030	false	Lean.Parser.Command.declaration
750031	750109	false	Lean.Parser.Command.declaration
750110	750188	false	Lean.Parser.Command.declaration
750189	750267	false	Lean.Parser.Command.declaration
750268	750346	false	Lean.Parser.Command.declaration
750347	750425	false	Lean.Parser.Command.declaration
750426	750504	false	Lean.Parser.Command.declaration
750505	750583	false	Lean.Parser.Command.declaration
750584	750662	false	Lean.Parser.Command.declaration
750663	750741	false	Lean.Parser.Command.declaration
750742	750820	false	Lean.Parser.Command.declaration
750821	750899	false	Lean.Parser.Command.declaration
750900	750978	false	Lean.Parser.Command.declaration
750979	751057	false	Lean.Parser.Command.declaration
751058	751136	false	Lean.Parser.Command.declaration
751137	751215	false	Lean.Parser.Command.declaration
751216	751294	false	Lean.Parser.Command.declaration
751295	751372	false	Lean.Parser.Command.declaration
751373	751450	false	Lean.Parser.Command.declaration
751451	751528	false	Lean.Parser.Command.declaration
751529	751606	false	Lean.Parser.Command.declaration
751607	751683	false	Lean.Parser.Command.declaration
751684	751759	false	Lean.Parser.Command.declaration
751760	751836	false	Lean.Parser.Command.declaration
751837	751913	false	Lean.Parser.Command.declaration
751914	751991	false	Lean.Parser.Command.declaration
751992	752069	false	Lean.Parser.Command.declaration
752070	752147	false	Lean.Parser.Command.declaration
752148	752225	false	Lean.Parser.Command.declaration
752226	752303	false	Lean.Parser.Command.declaration
752304	752382	false	Lean.Parser.Command.declaration
752383	752461	false	Lean.Parser.Command.declaration
752462	752540	false	Lean.Parser.Command.declaration
752541	752619	false	Lean.Parser.Command.declaration
752620	752698	false	Lean.Parser.Command.declaration
752699	752777	false	Lean.Parser.Command.declaration
752778	752856	false	Lean.Parser.Command.declaration
752857	752935	false	Lean.Parser.Command.declaration
752936	753014	false	Lean.Parser.Command.declaration
753015	753093	false	Lean.Parser.Command.declaration
753094	753172	false	Lean.Parser.Command.declaration
753173	753251	false	Lean.Parser.Command.declaration
753252	753330	false	Lean.Parser.Command.declaration
753331	753409	false	Lean.Parser.Command.declaration
753410	753488	false	Lean.Parser.Command.declaration
753489	753567	false	Lean.Parser.Command.declaration
753568	753645	false	Lean.Parser.Command.declaration
753646	753723	false	Lean.Parser.Command.declaration
753724	753801	false	Lean.Parser.Command.declaration
753802	753879	false	Lean.Parser.Command.declaration
753880	753957	false	Lean.Parser.Command.declaration
753958	754035	false	Lean.Parser.Command.declaration
754036	754112	false	Lean.Parser.Command.declaration
754113	754189	false	Lean.Parser.Command.declaration
754190	754265	false	Lean.Parser.Command.declaration
754266	754342	false	Lean.Parser.Command.declaration
754343	754420	false	Lean.Parser.Command.declaration
754421	754498	false	Lean.Parser.Command.declaration
754499	754576	false	Lean.Parser.Command.declaration
754577	754654	false	Lean.Parser.Command.declaration
754655	754732	false	Lean.Parser.Command.declaration
754733	754810	false	Lean.Parser.Command.declaration
754811	754888	false	Lean.Parser.Command.declaration
754889	754967	false	Lean.Parser.Command.declaration
754968	755046	false	Lean.Parser.Command.declaration
755047	755125	false	Lean.Parser.Command.declaration
755126	755204	false	Lean.Parser.Command.declaration
755205	755283	false	Lean.Parser.Command.declaration
755284	755362	false	Lean.Parser.Command.declaration
755363	755441	false	Lean.Parser.Command.declaration
755442	755520	false	Lean.Parser.Command.declaration
755521	755599	false	Lean.Parser.Command.declaration
755600	755678	false	Lean.Parser.Command.declaration
755679	755757	false	Lean.Parser.Command.declaration
755758	755836	false	Lean.Parser.Command.declaration
755837	755915	false	Lean.Parser.Command.declaration
755916	755994	false	Lean.Parser.Command.declaration
755995	756072	false	Lean.Parser.Command.declaration
756073	756150	false	Lean.Parser.Command.declaration
756151	756228	false	Lean.Parser.Command.declaration
756229	756306	false	Lean.Parser.Command.declaration
756307	756384	false	Lean.Parser.Command.declaration
756385	756462	false	Lean.Parser.Command.declaration
756463	756540	false	Lean.Parser.Command.declaration
756541	756617	false	Lean.Parser.Command.declaration
756618	756693	false	Lean.Parser.Command.declaration
756694	756769	false	Lean.Parser.Command.declaration
756770	756846	false	Lean.Parser.Command.declaration
756847	756924	false	Lean.Parser.Command.declaration
756925	757002	false	Lean.Parser.Command.declaration
757003	757080	false	Lean.Parser.Command.declaration
757081	757158	false	Lean.Parser.Command.declaration
757159	757236	false	Lean.Parser.Command.declaration
757237	757314	false	Lean.Parser.Command.declaration
757315	757392	false	Lean.Parser.Command.declaration
757393	757470	false	Lean.Parser.Command.declaration
757471	757549	false	Lean.Parser.Command.declaration
757550	757628	false	Lean.Parser.Command.declaration
757629	757707	false	Lean.Parser.Command.declaration
757708	757786	false	Lean.Parser.Command.declaration
757787	757865	false	Lean.Parser.Command.declaration
757866	757944	false	Lean.Parser.Command.declaration
757945	758023	false	Lean.Parser.Command.declaration
758024	758102	false	Lean.Parser.Command.declaration
758103	758181	false	Lean.Parser.Command.declaration
758182	758260	false	Lean.Parser.Command.declaration
758261	758339	false	Lean.Parser.Command.declaration
758340	758418	false	Lean.Parser.Command.declaration
758419	758496	false	Lean.Parser.Command.declaration
758497	758574	false	Lean.Parser.Command.declaration
758575	758652	false	Lean.Parser.Command.declaration
758653	758730	false	Lean.Parser.Command.declaration
758731	758808	false	Lean.Parser.Command.declaration
758809	758886	false	Lean.Parser.Command.declaration
758887	758964	false	Lean.Parser.Command.declaration
758965	759042	false	Lean.Parser.Command.declaration
759043	759119	false	Lean.Parser.Command.declaration
759120	759196	false	Lean.Parser.Command.declaration
759197	759272	false	Lean.Parser.Command.declaration
759273	759349	false	Lean.Parser.Command.declaration
759350	759426	false	Lean.Parser.Command.declaration
759427	759504	false	Lean.Parser.Command.declaration
759505	759582	false	Lean.Parser.Command.declaration
759583	759660	false	Lean.Parser.Command.declaration
759661	759738	false	Lean.Parser.Command.declaration
759739	759816	false	Lean.Parser.Command.declaration
759817	759894	false	Lean.Parser.Command.declaration
759895	759972	false	Lean.Parser.Command.declaration
759973	760050	false	Lean.Parser.Command.declaration
760051	760128	false	Lean.Parser.Command.declaration
760129	760206	false	Lean.Parser.Command.declaration
760207	760285	false	Lean.Parser.Command.declaration
760286	760364	false	Lean.Parser.Command.declaration
760365	760443	false	Lean.Parser.Command.declaration
760444	760522	false	Lean.Parser.Command.declaration
760523	760601	false	Lean.Parser.Command.declaration
760602	760680	false	Lean.Parser.Command.declaration
760681	760758	false	Lean.Parser.Command.declaration
760759	760836	false	Lean.Parser.Command.declaration
760837	760914	false	Lean.Parser.Command.declaration
760915	760992	false	Lean.Parser.Command.declaration
760993	761070	false	Lean.Parser.Command.declaration
761071	761148	false	Lean.Parser.Command.declaration
761149	761226	false	Lean.Parser.Command.declaration
761227	761304	false	Lean.Parser.Command.declaration
761305	761382	false	Lean.Parser.Command.declaration
761383	761460	false	Lean.Parser.Command.declaration
761461	761537	false	Lean.Parser.Command.declaration
761538	761614	false	Lean.Parser.Command.declaration
761615	761690	false	Lean.Parser.Command.declaration
761691	761766	false	Lean.Parser.Command.declaration
761767	761843	false	Lean.Parser.Command.declaration
761844	761921	false	Lean.Parser.Command.declaration
761922	761999	false	Lean.Parser.Command.declaration
762000	762077	false	Lean.Parser.Command.declaration
762078	762155	false	Lean.Parser.Command.declaration
762156	762233	false	Lean.Parser.Command.declaration
762234	762311	false	Lean.Parser.Command.declaration
762312	762389	false	Lean.Parser.Command.declaration
762390	762467	false	Lean.Parser.Command.declaration
762468	762545	false	Lean.Parser.Command.declaration
762546	762623	false	Lean.Parser.Command.declaration
762624	762701	false	Lean.Parser.Command.declaration
762702	762779	false	Lean.Parser.Command.declaration
762780	762857	false	Lean.Parser.Command.declaration
762858	762936	false	Lean.Parser.Command.declaration
762937	763015	false	Lean.Parser.Command.declaration
763016	763093	false	Lean.Parser.Command.declaration
763094	763171	false	Lean.Parser.Command.declaration
763172	763249	false	Lean.Parser.Command.declaration
763250	763327	false	Lean.Parser.Command.declaration
763328	763405	false	Lean.Parser.Command.declaration
763406	763483	false	Lean.Parser.Command.declaration
763484	763561	false	Lean.Parser.Command.declaration
763562	763639	false	Lean.Parser.Command.declaration
763640	763717	false	Lean.Parser.Command.declaration
763718	763795	false	Lean.Parser.Command.declaration
763796	763873	false	Lean.Parser.Command.declaration
763874	763951	false	Lean.Parser.Command.declaration
763952	764028	false	Lean.Parser.Command.declaration
764029	764105	false	Lean.Parser.Command.declaration
764106	764181	false	Lean.Parser.Command.declaration
764182	764257	false	Lean.Parser.Command.declaration
764258	764334	false	Lean.Parser.Command.declaration
764335	764411	false	Lean.Parser.Command.declaration
764412	764489	false	Lean.Parser.Command.declaration
764490	764567	false	Lean.Parser.Command.declaration
764568	764645	false	Lean.Parser.Command.declaration
764646	764723	false	Lean.Parser.Command.declaration
764724	764801	false	Lean.Parser.Command.declaration
764802	764879	false	Lean.Parser.Command.declaration
764880	764957	false	Lean.Parser.Command.declaration
764958	765035	false	Lean.Parser.Command.declaration
765036	765113	false	Lean.Parser.Command.declaration
765114	765191	false	Lean.Parser.Command.declaration
765192	765269	false	Lean.Parser.Command.declaration
765270	765347	false	Lean.Parser.Command.declaration
765348	765425	false	Lean.Parser.Command.declaration
765426	765503	false	Lean.Parser.Command.declaration
765504	765581	false	Lean.Parser.Command.declaration
765582	765659	false	Lean.Parser.Command.declaration
765660	765737	false	Lean.Parser.Command.declaration
765738	765815	false	Lean.Parser.Command.declaration
765816	765893	false	Lean.Parser.Command.declaration
765894	765971	false	Lean.Parser.Command.declaration
765972	766049	false	Lean.Parser.Command.declaration
766050	766127	false	Lean.Parser.Command.declaration
766128	766205	false	Lean.Parser.Command.declaration
766206	766283	false	Lean.Parser.Command.declaration
766284	766361	false	Lean.Parser.Command.declaration
766362	766439	false	Lean.Parser.Command.declaration
766440	766517	false	Lean.Parser.Command.declaration
766518	766594	false	Lean.Parser.Command.declaration
766595	766671	false	Lean.Parser.Command.declaration
766672	766746	false	Lean.Parser.Command.declaration
766747	766822	false	Lean.Parser.Command.declaration
766823	766899	false	Lean.Parser.Command.declaration
766900	766976	false	Lean.Parser.Command.declaration
766977	767054	false	Lean.Parser.Command.declaration
767055	767132	false	Lean.Parser.Command.declaration
767133	767210	false	Lean.Parser.Command.declaration
767211	767288	false	Lean.Parser.Command.declaration
767289	767366	false	Lean.Parser.Command.declaration
767367	767444	false	Lean.Parser.Command.declaration
767445	767522	false	Lean.Parser.Command.declaration
767523	767600	false	Lean.Parser.Command.declaration
767601	767678	false	Lean.Parser.Command.declaration
767679	767756	false	Lean.Parser.Command.declaration
767757	767834	false	Lean.Parser.Command.declaration
767835	767912	false	Lean.Parser.Command.declaration
767913	767990	false	Lean.Parser.Command.declaration
767991	768068	false	Lean.Parser.Command.declaration
768069	768146	false	Lean.Parser.Command.declaration
768147	768224	false	Lean.Parser.Command.declaration
768225	768302	false	Lean.Parser.Command.declaration
768303	768380	false	Lean.Parser.Command.declaration
768381	768458	false	Lean.Parser.Command.declaration
768459	768536	false	Lean.Parser.Command.declaration
768537	768614	false	Lean.Parser.Command.declaration
768615	768692	false	Lean.Parser.Command.declaration
768693	768770	false	Lean.Parser.Command.declaration
768771	768848	false	Lean.Parser.Command.declaration
768849	768926	false	Lean.Parser.Command.declaration
768927	769003	false	Lean.Parser.Command.declaration
769004	769080	false	Lean.Parser.Command.declaration
769081	769157	false	Lean.Parser.Command.declaration
769158	769233	false	Lean.Parser.Command.declaration
769234	769309	false	Lean.Parser.Command.declaration
769310	769386	false	Lean.Parser.Command.declaration
769387	769463	false	Lean.Parser.Command.declaration
769464	769541	false	Lean.Parser.Command.declaration
769542	769619	false	Lean.Parser.Command.declaration
769620	769697	false	Lean.Parser.Command.declaration
769698	769775	false	Lean.Parser.Command.declaration
769776	769853	false	Lean.Parser.Command.declaration
769854	769931	false	Lean.Parser.Command.declaration
769932	770009	false	Lean.Parser.Command.declaration
770010	770087	false	Lean.Parser.Command.declaration
770088	770165	false	Lean.Parser.Command.declaration
770166	770243	false	Lean.Parser.Command.declaration
770244	770321	false	Lean.Parser.Command.declaration
770322	770399	false	Lean.Parser.Command.declaration
770400	770477	false	Lean.Parser.Command.declaration
770478	770555	false	Lean.Parser.Command.declaration
770556	770633	false	Lean.Parser.Command.declaration
770634	770711	false	Lean.Parser.Command.declaration
770712	770789	false	Lean.Parser.Command.declaration
770790	770867	false	Lean.Parser.Command.declaration
770868	770945	false	Lean.Parser.Command.declaration
770946	771023	false	Lean.Parser.Command.declaration
771024	771101	false	Lean.Parser.Command.declaration
771102	771179	false	Lean.Parser.Command.declaration
771180	771257	false	Lean.Parser.Command.declaration
771258	771335	false	Lean.Parser.Command.declaration
771336	771413	false	Lean.Parser.Command.declaration
771414	771490	false	Lean.Parser.Command.declaration
771491	771567	false	Lean.Parser.Command.declaration
771568	771644	false	Lean.Parser.Command.declaration
771645	771719	false	Lean.Parser.Command.declaration
771720	771795	false	Lean.Parser.Command.declaration
771796	771872	false	Lean.Parser.Command.declaration
771873	771949	false	Lean.Parser.Command.declaration
771950	772026	false	Lean.Parser.Command.declaration
772027	772104	false	Lean.Parser.Command.declaration
772105	772182	false	Lean.Parser.Command.declaration
772183	772260	false	Lean.Parser.Command.declaration
772261	772338	false	Lean.Parser.Command.declaration
772339	772416	false	Lean.Parser.Command.declaration
772417	772494	false	Lean.Parser.Command.declaration
772495	772572	false	Lean.Parser.Command.declaration
772573	772650	false	Lean.Parser.Command.declaration
772651	772728	false	Lean.Parser.Command.declaration
772729	772806	false	Lean.Parser.Command.declaration
772807	772884	false	Lean.Parser.Command.declaration
772885	772962	false	Lean.Parser.Command.declaration
772963	773040	false	Lean.Parser.Command.declaration
773041	773118	false	Lean.Parser.Command.declaration
773119	773196	false	Lean.Parser.Command.declaration
773197	773274	false	Lean.Parser.Command.declaration
773275	773352	false	Lean.Parser.Command.declaration
773353	773430	false	Lean.Parser.Command.declaration
773431	773508	false	Lean.Parser.Command.declaration
773509	773586	false	Lean.Parser.Command.declaration
773587	773664	false	Lean.Parser.Command.declaration
773665	773742	false	Lean.Parser.Command.declaration
773743	773820	false	Lean.Parser.Command.declaration
773821	773898	false	Lean.Parser.Command.declaration
773899	773975	false	Lean.Parser.Command.declaration
773976	774052	false	Lean.Parser.Command.declaration
774053	774129	false	Lean.Parser.Command.declaration
774130	774204	false	Lean.Parser.Command.declaration
774205	774280	false	Lean.Parser.Command.declaration
774281	774357	false	Lean.Parser.Command.declaration
774358	774434	false	Lean.Parser.Command.declaration
774435	774511	false	Lean.Parser.Command.declaration
774512	774589	false	Lean.Parser.Command.declaration
774590	774667	false	Lean.Parser.Command.declaration
774668	774745	false	Lean.Parser.Command.declaration
774746	774823	false	Lean.Parser.Command.declaration
774824	774901	false	Lean.Parser.Command.declaration
774902	774979	false	Lean.Parser.Command.declaration
774980	775057	false	Lean.Parser.Command.declaration
775058	775135	false	Lean.Parser.Command.declaration
775136	775213	false	Lean.Parser.Command.declaration
775214	775291	false	Lean.Parser.Command.declaration
775292	775369	false	Lean.Parser.Command.declaration
775370	775447	false	Lean.Parser.Command.declaration
775448	775525	false	Lean.Parser.Command.declaration
775526	775603	false	Lean.Parser.Command.declaration
775604	775681	false	Lean.Parser.Command.declaration
775682	775759	false	Lean.Parser.Command.declaration
775760	775837	false	Lean.Parser.Command.declaration
775838	775915	false	Lean.Parser.Command.declaration
775916	775993	false	Lean.Parser.Command.declaration
775994	776071	false	Lean.Parser.Command.declaration
776072	776149	false	Lean.Parser.Command.declaration
776150	776227	false	Lean.Parser.Command.declaration
776228	776305	false	Lean.Parser.Command.declaration
776306	776382	false	Lean.Parser.Command.declaration
776383	776459	false	Lean.Parser.Command.declaration
776460	776536	false	Lean.Parser.Command.declaration
776537	776613	false	Lean.Parser.Command.declaration
776614	776688	false	Lean.Parser.Command.declaration
776689	776764	false	Lean.Parser.Command.declaration
776765	776841	false	Lean.Parser.Command.declaration
776842	776918	false	Lean.Parser.Command.declaration
776919	776995	false	Lean.Parser.Command.declaration
776996	777073	false	Lean.Parser.Command.declaration
777074	777151	false	Lean.Parser.Command.declaration
777152	777229	false	Lean.Parser.Command.declaration
777230	777307	false	Lean.Parser.Command.declaration
777308	777385	false	Lean.Parser.Command.declaration
777386	777463	false	Lean.Parser.Command.declaration
777464	777541	false	Lean.Parser.Command.declaration
777542	777619	false	Lean.Parser.Command.declaration
777620	777697	false	Lean.Parser.Command.declaration
777698	777775	false	Lean.Parser.Command.declaration
777776	777853	false	Lean.Parser.Command.declaration
777854	777931	false	Lean.Parser.Command.declaration
777932	778009	false	Lean.Parser.Command.declaration
778010	778087	false	Lean.Parser.Command.declaration
778088	778165	false	Lean.Parser.Command.declaration
778166	778243	false	Lean.Parser.Command.declaration
778244	778321	false	Lean.Parser.Command.declaration
778322	778399	false	Lean.Parser.Command.declaration
778400	778477	false	Lean.Parser.Command.declaration
778478	778555	false	Lean.Parser.Command.declaration
778556	778633	false	Lean.Parser.Command.declaration
778634	778711	false	Lean.Parser.Command.declaration
778712	778789	false	Lean.Parser.Command.declaration
778790	778866	false	Lean.Parser.Command.declaration
778867	778943	false	Lean.Parser.Command.declaration
778944	779020	false	Lean.Parser.Command.declaration
779021	779097	false	Lean.Parser.Command.declaration
779098	779172	false	Lean.Parser.Command.declaration
779173	779246	false	Lean.Parser.Command.declaration
779247	779314	false	Lean.Parser.Command.declaration
779315	779388	false	Lean.Parser.Command.declaration
779389	779462	false	Lean.Parser.Command.declaration
779463	779524	false	Lean.Parser.Command.declaration
779525	779586	false	Lean.Parser.Command.declaration
779587	779660	false	Lean.Parser.Command.declaration
779661	779735	false	Lean.Parser.Command.declaration
779736	779799	false	Lean.Parser.Command.declaration
779800	779875	false	Lean.Parser.Command.declaration
779876	779951	false	Lean.Parser.Command.declaration
779952	780019	false	Lean.Parser.Command.declaration
780020	780085	false	Lean.Parser.Command.declaration
780086	780149	false	Lean.Parser.Command.declaration
780150	780225	false	Lean.Parser.Command.declaration
780226	780301	false	Lean.Parser.Command.declaration
780302	780369	false	Lean.Parser.Command.declaration
780370	780445	false	Lean.Parser.Command.declaration
780446	780521	false	Lean.Parser.Command.declaration
780522	780589	false	Lean.Parser.Command.declaration
780590	780657	false	Lean.Parser.Command.declaration
780658	780733	false	Lean.Parser.Command.declaration
780734	780809	false	Lean.Parser.Command.declaration
780810	780877	false	Lean.Parser.Command.declaration
780878	780953	false	Lean.Parser.Command.declaration
780954	781029	false	Lean.Parser.Command.declaration
781030	781097	false	Lean.Parser.Command.declaration
781098	781165	false	Lean.Parser.Command.declaration
781166	781233	false	Lean.Parser.Command.declaration
781234	781299	false	Lean.Parser.Command.declaration
781300	781375	false	Lean.Parser.Command.declaration
781376	781447	false	Lean.Parser.Command.declaration
781448	781523	false	Lean.Parser.Command.declaration
781524	781599	false	Lean.Parser.Command.declaration
781600	781667	false	Lean.Parser.Command.declaration
781668	781735	false	Lean.Parser.Command.declaration
781736	781811	false	Lean.Parser.Command.declaration
781812	781887	false	Lean.Parser.Command.declaration
781888	781955	false	Lean.Parser.Command.declaration
781956	782031	false	Lean.Parser.Command.declaration
782032	782107	false	Lean.Parser.Command.declaration
782108	782175	false	Lean.Parser.Command.declaration
782176	782243	false	Lean.Parser.Command.declaration
782244	782311	false	Lean.Parser.Command.declaration
782312	782387	false	Lean.Parser.Command.declaration
782388	782463	false	Lean.Parser.Command.declaration
782464	782531	false	Lean.Parser.Command.declaration
782532	782607	false	Lean.Parser.Command.declaration
782608	782683	false	Lean.Parser.Command.declaration
782684	782751	false	Lean.Parser.Command.declaration
782752	782819	false	Lean.Parser.Command.declaration
782820	782895	false	Lean.Parser.Command.declaration
782896	782971	false	Lean.Parser.Command.declaration
782972	783039	false	Lean.Parser.Command.declaration
783040	783115	false	Lean.Parser.Command.declaration
783116	783191	false	Lean.Parser.Command.declaration
783192	783259	false	Lean.Parser.Command.declaration
783260	783327	false	Lean.Parser.Command.declaration
783328	783395	false	Lean.Parser.Command.declaration
783396	783463	false	Lean.Parser.Command.declaration
783464	783529	false	Lean.Parser.Command.declaration
783530	783605	false	Lean.Parser.Command.declaration
783606	783677	false	Lean.Parser.Command.declaration
783678	783753	false	Lean.Parser.Command.declaration
783754	783829	false	Lean.Parser.Command.declaration
783830	783897	false	Lean.Parser.Command.declaration
783898	783965	false	Lean.Parser.Command.declaration
783966	784041	false	Lean.Parser.Command.declaration
784042	784117	false	Lean.Parser.Command.declaration
784118	784185	false	Lean.Parser.Command.declaration
784186	784261	false	Lean.Parser.Command.declaration
784262	784337	false	Lean.Parser.Command.declaration
784338	784405	false	Lean.Parser.Command.declaration
784406	784473	false	Lean.Parser.Command.declaration
784474	784541	false	Lean.Parser.Command.declaration
784542	784617	false	Lean.Parser.Command.declaration
784618	784693	false	Lean.Parser.Command.declaration
784694	784761	false	Lean.Parser.Command.declaration
784762	784837	false	Lean.Parser.Command.declaration
784838	784916	false	Lean.Parser.Command.declaration
784917	784984	false	Lean.Parser.Command.declaration
784985	785052	false	Lean.Parser.Command.declaration
785053	785133	false	Lean.Parser.Command.declaration
785134	785214	false	Lean.Parser.Command.declaration
785215	785283	false	Lean.Parser.Command.declaration
785284	785364	false	Lean.Parser.Command.declaration
785365	785445	false	Lean.Parser.Command.declaration
785446	785514	false	Lean.Parser.Command.declaration
785515	785583	false	Lean.Parser.Command.declaration
785584	785652	false	Lean.Parser.Command.declaration
785653	785720	false	Lean.Parser.Command.declaration
785721	785801	false	Lean.Parser.Command.declaration
785802	785876	false	Lean.Parser.Command.declaration
785877	785957	false	Lean.Parser.Command.declaration
785958	786039	false	Lean.Parser.Command.declaration
786040	786110	false	Lean.Parser.Command.declaration
786111	786181	false	Lean.Parser.Command.declaration
786182	786264	false	Lean.Parser.Command.declaration
786265	786347	false	Lean.Parser.Command.declaration
786348	786422	false	Lean.Parser.Command.declaration
786423	786505	false	Lean.Parser.Command.declaration
786506	786588	false	Lean.Parser.Command.declaration
786589	786663	false	Lean.Parser.Command.declaration
786664	786738	false	Lean.Parser.Command.declaration
786739	786811	false	Lean.Parser.Command.declaration
786812	786894	false	Lean.Parser.Command.declaration
786895	786977	false	Lean.Parser.Command.declaration
786978	787052	false	Lean.Parser.Command.declaration
787053	787135	false	Lean.Parser.Command.declaration
787136	787218	false	Lean.Parser.Command.declaration
787219	787293	false	Lean.Parser.Command.declaration
787294	787368	false	Lean.Parser.Command.declaration
787369	787451	false	Lean.Parser.Command.declaration
787452	787534	false	Lean.Parser.Command.declaration
787535	787609	false	Lean.Parser.Command.declaration
787610	787692	false	Lean.Parser.Command.declaration
787693	787775	false	Lean.Parser.Command.declaration
787776	787850	false	Lean.Parser.Command.declaration
787851	787925	false	Lean.Parser.Command.declaration
787926	788000	false	Lean.Parser.Command.declaration
788001	788073	false	Lean.Parser.Command.declaration
788074	788144	false	Lean.Parser.Command.declaration
788145	788212	false	Lean.Parser.Command.declaration
788213	788295	false	Lean.Parser.Command.declaration
788296	788374	false	Lean.Parser.Command.declaration
788375	788457	false	Lean.Parser.Command.declaration
788458	788540	false	Lean.Parser.Command.declaration
788541	788615	false	Lean.Parser.Command.declaration
788616	788690	false	Lean.Parser.Command.declaration
788691	788773	false	Lean.Parser.Command.declaration
788774	788856	false	Lean.Parser.Command.declaration
788857	788931	false	Lean.Parser.Command.declaration
788932	789014	false	Lean.Parser.Command.declaration
789015	789097	false	Lean.Parser.Command.declaration
789098	789172	false	Lean.Parser.Command.declaration
789173	789247	false	Lean.Parser.Command.declaration
789248	789322	false	Lean.Parser.Command.declaration
789323	789405	false	Lean.Parser.Command.declaration
789406	789488	false	Lean.Parser.Command.declaration
789489	789563	false	Lean.Parser.Command.declaration
789564	789646	false	Lean.Parser.Command.declaration
789647	789729	false	Lean.Parser.Command.declaration
789730	789804	false	Lean.Parser.Command.declaration
789805	789879	false	Lean.Parser.Command.declaration
789880	789962	false	Lean.Parser.Command.declaration
789963	790045	false	Lean.Parser.Command.declaration
790046	790120	false	Lean.Parser.Command.declaration
790121	790203	false	Lean.Parser.Command.declaration
790204	790286	false	Lean.Parser.Command.declaration
790287	790361	false	Lean.Parser.Command.declaration
790362	790436	false	Lean.Parser.Command.declaration
790437	790511	false	Lean.Parser.Command.declaration
790512	790586	false	Lean.Parser.Command.declaration
790587	790669	false	Lean.Parser.Command.declaration
790670	790748	false	Lean.Parser.Command.declaration
790749	790831	false	Lean.Parser.Command.declaration
790832	790914	false	Lean.Parser.Command.declaration
790915	790989	false	Lean.Parser.Command.declaration
790990	791064	false	Lean.Parser.Command.declaration
791065	791147	false	Lean.Parser.Command.declaration
791148	791230	false	Lean.Parser.Command.declaration
791231	791305	false	Lean.Parser.Command.declaration
791306	791388	false	Lean.Parser.Command.declaration
791389	791471	false	Lean.Parser.Command.declaration
791472	791546	false	Lean.Parser.Command.declaration
791547	791621	false	Lean.Parser.Command.declaration
791622	791696	false	Lean.Parser.Command.declaration
791697	791779	false	Lean.Parser.Command.declaration
791780	791862	false	Lean.Parser.Command.declaration
791863	791937	false	Lean.Parser.Command.declaration
791938	792020	false	Lean.Parser.Command.declaration
792021	792103	false	Lean.Parser.Command.declaration
792104	792178	false	Lean.Parser.Command.declaration
792179	792253	false	Lean.Parser.Command.declaration
792254	792336	false	Lean.Parser.Command.declaration
792337	792419	false	Lean.Parser.Command.declaration
792420	792494	false	Lean.Parser.Command.declaration
792495	792577	false	Lean.Parser.Command.declaration
792578	792660	false	Lean.Parser.Command.declaration
792661	792735	false	Lean.Parser.Command.declaration
792736	792810	false	Lean.Parser.Command.declaration
792811	792885	false	Lean.Parser.Command.declaration
792886	792960	false	Lean.Parser.Command.declaration
792961	793035	false	Lean.Parser.Command.declaration
793036	793118	false	Lean.Parser.Command.declaration
793119	793197	false	Lean.Parser.Command.declaration
793198	793280	false	Lean.Parser.Command.declaration
793281	793363	false	Lean.Parser.Command.declaration
793364	793438	false	Lean.Parser.Command.declaration
793439	793513	false	Lean.Parser.Command.declaration
793514	793596	false	Lean.Parser.Command.declaration
793597	793679	false	Lean.Parser.Command.declaration
793680	793754	false	Lean.Parser.Command.declaration
793755	793837	false	Lean.Parser.Command.declaration
793838	793920	false	Lean.Parser.Command.declaration
793921	793995	false	Lean.Parser.Command.declaration
793996	794070	false	Lean.Parser.Command.declaration
794071	794145	false	Lean.Parser.Command.declaration
794146	794228	false	Lean.Parser.Command.declaration
794229	794311	false	Lean.Parser.Command.declaration
794312	794386	false	Lean.Parser.Command.declaration
794387	794469	false	Lean.Parser.Command.declaration
794470	794552	false	Lean.Parser.Command.declaration
794553	794627	false	Lean.Parser.Command.declaration
794628	794702	false	Lean.Parser.Command.declaration
794703	794785	false	Lean.Parser.Command.declaration
794786	794868	false	Lean.Parser.Command.declaration
794869	794943	false	Lean.Parser.Command.declaration
794944	795026	false	Lean.Parser.Command.declaration
795027	795109	false	Lean.Parser.Command.declaration
795110	795184	false	Lean.Parser.Command.declaration
795185	795259	false	Lean.Parser.Command.declaration
795260	795334	false	Lean.Parser.Command.declaration
795335	795409	false	Lean.Parser.Command.declaration
795410	795492	false	Lean.Parser.Command.declaration
795493	795571	false	Lean.Parser.Command.declaration
795572	795654	false	Lean.Parser.Command.declaration
795655	795737	false	Lean.Parser.Command.declaration
795738	795812	false	Lean.Parser.Command.declaration
795813	795887	false	Lean.Parser.Command.declaration
795888	795970	false	Lean.Parser.Command.declaration
795971	796053	false	Lean.Parser.Command.declaration
796054	796128	false	Lean.Parser.Command.declaration
796129	796211	false	Lean.Parser.Command.declaration
796212	796294	false	Lean.Parser.Command.declaration
796295	796369	false	Lean.Parser.Command.declaration
796370	796444	false	Lean.Parser.Command.declaration
796445	796519	false	Lean.Parser.Command.declaration
796520	796602	false	Lean.Parser.Command.declaration
796603	796685	false	Lean.Parser.Command.declaration
796686	796760	false	Lean.Parser.Command.declaration
796761	796843	false	Lean.Parser.Command.declaration
796844	796926	false	Lean.Parser.Command.declaration
796927	797001	false	Lean.Parser.Command.declaration
797002	797076	false	Lean.Parser.Command.declaration
797077	797159	false	Lean.Parser.Command.declaration
797160	797242	false	Lean.Parser.Command.declaration
797243	797317	false	Lean.Parser.Command.declaration
797318	797400	false	Lean.Parser.Command.declaration
797401	797483	false	Lean.Parser.Command.declaration
797484	797558	false	Lean.Parser.Command.declaration
797559	797633	false	Lean.Parser.Command.declaration
797634	797708	false	Lean.Parser.Command.declaration
797709	797783	false	Lean.Parser.Command.declaration
797784	797858	false	Lean.Parser.Command.declaration
797859	797933	false	Lean.Parser.Command.declaration
797934	798004	false	Lean.Parser.Command.declaration
798005	798087	false	Lean.Parser.Command.declaration
798088	798166	false	Lean.Parser.Command.declaration
798167	798249	false	Lean.Parser.Command.declaration
798250	798332	false	Lean.Parser.Command.declaration
798333	798407	false	Lean.Parser.Command.declaration
798408	798482	false	Lean.Parser.Command.declaration
798483	798565	false	Lean.Parser.Command.declaration
798566	798648	false	Lean.Parser.Command.declaration
798649	798723	false	Lean.Parser.Command.declaration
798724	798806	false	Lean.Parser.Command.declaration
798807	798889	false	Lean.Parser.Command.declaration
798890	798964	false	Lean.Parser.Command.declaration
798965	799039	false	Lean.Parser.Command.declaration
799040	799114	false	Lean.Parser.Command.declaration
799115	799197	false	Lean.Parser.Command.declaration
799198	799280	false	Lean.Parser.Command.declaration
799281	799355	false	Lean.Parser.Command.declaration
799356	799438	false	Lean.Parser.Command.declaration
799439	799521	false	Lean.Parser.Command.declaration
799522	799596	false	Lean.Parser.Command.declaration
799597	799671	false	Lean.Parser.Command.declaration
799672	799754	false	Lean.Parser.Command.declaration
799755	799837	false	Lean.Parser.Command.declaration
799838	799912	false	Lean.Parser.Command.declaration
799913	799995	false	Lean.Parser.Command.declaration
799996	800078	false	Lean.Parser.Command.declaration
800079	800153	false	Lean.Parser.Command.declaration
800154	800228	false	Lean.Parser.Command.declaration
800229	800303	false	Lean.Parser.Command.declaration
800304	800378	false	Lean.Parser.Command.declaration
800379	800461	false	Lean.Parser.Command.declaration
800462	800540	false	Lean.Parser.Command.declaration
800541	800623	false	Lean.Parser.Command.declaration
800624	800706	false	Lean.Parser.Command.declaration
800707	800781	false	Lean.Parser.Command.declaration
800782	800856	false	Lean.Parser.Command.declaration
800857	800939	false	Lean.Parser.Command.declaration
800940	801022	false	Lean.Parser.Command.declaration
801023	801097	false	Lean.Parser.Command.declaration
801098	801180	false	Lean.Parser.Command.declaration
801181	801263	false	Lean.Parser.Command.declaration
801264	801338	false	Lean.Parser.Command.declaration
801339	801413	false	Lean.Parser.Command.declaration
801414	801488	false	Lean.Parser.Command.declaration
801489	801571	false	Lean.Parser.Command.declaration
801572	801654	false	Lean.Parser.Command.declaration
801655	801729	false	Lean.Parser.Command.declaration
801730	801812	false	Lean.Parser.Command.declaration
801813	801895	false	Lean.Parser.Command.declaration
801896	801970	false	Lean.Parser.Command.declaration
801971	802045	false	Lean.Parser.Command.declaration
802046	802128	false	Lean.Parser.Command.declaration
802129	802211	false	Lean.Parser.Command.declaration
802212	802286	false	Lean.Parser.Command.declaration
802287	802369	false	Lean.Parser.Command.declaration
802370	802452	false	Lean.Parser.Command.declaration
802453	802527	false	Lean.Parser.Command.declaration
802528	802602	false	Lean.Parser.Command.declaration
802603	802677	false	Lean.Parser.Command.declaration
802678	802752	false	Lean.Parser.Command.declaration
802753	802827	false	Lean.Parser.Command.declaration
802828	802910	false	Lean.Parser.Command.declaration
802911	802989	false	Lean.Parser.Command.declaration
802990	803072	false	Lean.Parser.Command.declaration
803073	803155	false	Lean.Parser.Command.declaration
803156	803230	false	Lean.Parser.Command.declaration
803231	803305	false	Lean.Parser.Command.declaration
803306	803388	false	Lean.Parser.Command.declaration
803389	803471	false	Lean.Parser.Command.declaration
803472	803546	false	Lean.Parser.Command.declaration
803547	803629	false	Lean.Parser.Command.declaration
803630	803712	false	Lean.Parser.Command.declaration
803713	803787	false	Lean.Parser.Command.declaration
803788	803862	false	Lean.Parser.Command.declaration
803863	803937	false	Lean.Parser.Command.declaration
803938	804020	false	Lean.Parser.Command.declaration
804021	804103	false	Lean.Parser.Command.declaration
804104	804178	false	Lean.Parser.Command.declaration
804179	804261	false	Lean.Parser.Command.declaration
804262	804344	false	Lean.Parser.Command.declaration
804345	804419	false	Lean.Parser.Command.declaration
804420	804494	false	Lean.Parser.Command.declaration
804495	804577	false	Lean.Parser.Command.declaration
804578	804660	false	Lean.Parser.Command.declaration
804661	804735	false	Lean.Parser.Command.declaration
804736	804818	false	Lean.Parser.Command.declaration
804819	804901	false	Lean.Parser.Command.declaration
804902	804976	false	Lean.Parser.Command.declaration
804977	805051	false	Lean.Parser.Command.declaration
805052	805126	false	Lean.Parser.Command.declaration
805127	805201	false	Lean.Parser.Command.declaration
805202	805284	false	Lean.Parser.Command.declaration
805285	805363	false	Lean.Parser.Command.declaration
805364	805446	false	Lean.Parser.Command.declaration
805447	805529	false	Lean.Parser.Command.declaration
805530	805604	false	Lean.Parser.Command.declaration
805605	805679	false	Lean.Parser.Command.declaration
805680	805762	false	Lean.Parser.Command.declaration
805763	805845	false	Lean.Parser.Command.declaration
805846	805920	false	Lean.Parser.Command.declaration
805921	806003	false	Lean.Parser.Command.declaration
806004	806086	false	Lean.Parser.Command.declaration
806087	806161	false	Lean.Parser.Command.declaration
806162	806236	false	Lean.Parser.Command.declaration
806237	806311	false	Lean.Parser.Command.declaration
806312	806394	false	Lean.Parser.Command.declaration
806395	806477	false	Lean.Parser.Command.declaration
806478	806552	false	Lean.Parser.Command.declaration
806553	806635	false	Lean.Parser.Command.declaration
806636	806718	false	Lean.Parser.Command.declaration
806719	806793	false	Lean.Parser.Command.declaration
806794	806868	false	Lean.Parser.Command.declaration
806869	806951	false	Lean.Parser.Command.declaration
806952	807034	false	Lean.Parser.Command.declaration
807035	807109	false	Lean.Parser.Command.declaration
807110	807192	false	Lean.Parser.Command.declaration
807193	807275	false	Lean.Parser.Command.declaration
807276	807350	false	Lean.Parser.Command.declaration
807351	807425	false	Lean.Parser.Command.declaration
807426	807500	false	Lean.Parser.Command.declaration
807501	807575	false	Lean.Parser.Command.declaration
807576	807650	false	Lean.Parser.Command.declaration
807651	807725	false	Lean.Parser.Command.declaration
807726	807808	false	Lean.Parser.Command.declaration
807809	807887	false	Lean.Parser.Command.declaration
807888	807970	false	Lean.Parser.Command.declaration
807971	808053	false	Lean.Parser.Command.declaration
808054	808128	false	Lean.Parser.Command.declaration
808129	808203	false	Lean.Parser.Command.declaration
808204	808286	false	Lean.Parser.Command.declaration
808287	808369	false	Lean.Parser.Command.declaration
808370	808444	false	Lean.Parser.Command.declaration
808445	808527	false	Lean.Parser.Command.declaration
808528	808610	false	Lean.Parser.Command.declaration
808611	808685	false	Lean.Parser.Command.declaration
808686	808760	false	Lean.Parser.Command.declaration
808761	808835	false	Lean.Parser.Command.declaration
808836	808918	false	Lean.Parser.Command.declaration
808919	809001	false	Lean.Parser.Command.declaration
809002	809076	false	Lean.Parser.Command.declaration
809077	809159	false	Lean.Parser.Command.declaration
809160	809242	false	Lean.Parser.Command.declaration
809243	809317	false	Lean.Parser.Command.declaration
809318	809392	false	Lean.Parser.Command.declaration
809393	809475	false	Lean.Parser.Command.declaration
809476	809558	false	Lean.Parser.Command.declaration
809559	809633	false	Lean.Parser.Command.declaration
809634	809716	false	Lean.Parser.Command.declaration
809717	809799	false	Lean.Parser.Command.declaration
809800	809874	false	Lean.Parser.Command.declaration
809875	809949	false	Lean.Parser.Command.declaration
809950	810024	false	Lean.Parser.Command.declaration
810025	810099	false	Lean.Parser.Command.declaration
810100	810182	false	Lean.Parser.Command.declaration
810183	810261	false	Lean.Parser.Command.declaration
810262	810344	false	Lean.Parser.Command.declaration
810345	810427	false	Lean.Parser.Command.declaration
810428	810502	false	Lean.Parser.Command.declaration
810503	810577	false	Lean.Parser.Command.declaration
810578	810660	false	Lean.Parser.Command.declaration
810661	810743	false	Lean.Parser.Command.declaration
810744	810818	false	Lean.Parser.Command.declaration
810819	810901	false	Lean.Parser.Command.declaration
810902	810984	false	Lean.Parser.Command.declaration
810985	811059	false	Lean.Parser.Command.declaration
811060	811134	false	Lean.Parser.Command.declaration
811135	811209	false	Lean.Parser.Command.declaration
811210	811292	false	Lean.Parser.Command.declaration
811293	811375	false	Lean.Parser.Command.declaration
811376	811450	false	Lean.Parser.Command.declaration
811451	811533	false	Lean.Parser.Command.declaration
811534	811616	false	Lean.Parser.Command.declaration
811617	811691	false	Lean.Parser.Command.declaration
811692	811766	false	Lean.Parser.Command.declaration
811767	811849	false	Lean.Parser.Command.declaration
811850	811932	false	Lean.Parser.Command.declaration
811933	812007	false	Lean.Parser.Command.declaration
812008	812090	false	Lean.Parser.Command.declaration
812091	812173	false	Lean.Parser.Command.declaration
812174	812248	false	Lean.Parser.Command.declaration
812249	812323	false	Lean.Parser.Command.declaration
812324	812398	false	Lean.Parser.Command.declaration
812399	812473	false	Lean.Parser.Command.declaration
812474	812548	false	Lean.Parser.Command.declaration
812549	812631	false	Lean.Parser.Command.declaration
812632	812710	false	Lean.Parser.Command.declaration
812711	812793	false	Lean.Parser.Command.declaration
812794	812876	false	Lean.Parser.Command.declaration
812877	812951	false	Lean.Parser.Command.declaration
812952	813026	false	Lean.Parser.Command.declaration
813027	813109	false	Lean.Parser.Command.declaration
813110	813192	false	Lean.Parser.Command.declaration
813193	813267	false	Lean.Parser.Command.declaration
813268	813350	false	Lean.Parser.Command.declaration
813351	813433	false	Lean.Parser.Command.declaration
813434	813508	false	Lean.Parser.Command.declaration
813509	813583	false	Lean.Parser.Command.declaration
813584	813658	false	Lean.Parser.Command.declaration
813659	813741	false	Lean.Parser.Command.declaration
813742	813824	false	Lean.Parser.Command.declaration
813825	813899	false	Lean.Parser.Command.declaration
813900	813982	false	Lean.Parser.Command.declaration
813983	814065	false	Lean.Parser.Command.declaration
814066	814140	false	Lean.Parser.Command.declaration
814141	814215	false	Lean.Parser.Command.declaration
814216	814298	false	Lean.Parser.Command.declaration
814299	814381	false	Lean.Parser.Command.declaration
814382	814456	false	Lean.Parser.Command.declaration
814457	814539	false	Lean.Parser.Command.declaration
814540	814622	false	Lean.Parser.Command.declaration
814623	814697	false	Lean.Parser.Command.declaration
814698	814772	false	Lean.Parser.Command.declaration
814773	814847	false	Lean.Parser.Command.declaration
814848	814922	false	Lean.Parser.Command.declaration
814923	815005	false	Lean.Parser.Command.declaration
815006	815084	false	Lean.Parser.Command.declaration
815085	815167	false	Lean.Parser.Command.declaration
815168	815250	false	Lean.Parser.Command.declaration
815251	815325	false	Lean.Parser.Command.declaration
815326	815400	false	Lean.Parser.Command.declaration
815401	815483	false	Lean.Parser.Command.declaration
815484	815566	false	Lean.Parser.Command.declaration
815567	815641	false	Lean.Parser.Command.declaration
815642	815724	false	Lean.Parser.Command.declaration
815725	815807	false	Lean.Parser.Command.declaration
815808	815882	false	Lean.Parser.Command.declaration
815883	815957	false	Lean.Parser.Command.declaration
815958	816032	false	Lean.Parser.Command.declaration
816033	816115	false	Lean.Parser.Command.declaration
816116	816198	false	Lean.Parser.Command.declaration
816199	816273	false	Lean.Parser.Command.declaration
816274	816356	false	Lean.Parser.Command.declaration
816357	816439	false	Lean.Parser.Command.declaration
816440	816514	false	Lean.Parser.Command.declaration
816515	816589	false	Lean.Parser.Command.declaration
816590	816672	false	Lean.Parser.Command.declaration
816673	816755	false	Lean.Parser.Command.declaration
816756	816830	false	Lean.Parser.Command.declaration
816831	816913	false	Lean.Parser.Command.declaration
816914	816996	false	Lean.Parser.Command.declaration
816997	817071	false	Lean.Parser.Command.declaration
817072	817146	false	Lean.Parser.Command.declaration
817147	817221	false	Lean.Parser.Command.declaration
817222	817296	false	Lean.Parser.Command.declaration
817297	817371	false	Lean.Parser.Command.declaration
817372	817446	false	Lean.Parser.Command.declaration
817447	817521	false	Lean.Parser.Command.declaration
817522	817592	false	Lean.Parser.Command.declaration
817593	817631	false	Lean.Parser.Command.declaration
817632	817693	true	Lean.Parser.Command.declaration
817694	817787	true	Lean.Parser.Command.declaration
817788	817883	true	Lean.Parser.Command.declaration
817884	817979	true	Lean.Parser.Command.declaration
817980	818075	true	Lean.Parser.Command.declaration
818076	818170	true	Lean.Parser.Command.declaration
818171	818373	true	Lean.Parser.Command.declaration
818374	818453	true	Lean.Parser.Command.declaration
818454	826666	false	Lean.Parser.Command.declaration
826667	826931	false	Lean.Parser.Command.declaration
826932	827196	false	Lean.Parser.Command.declaration
827197	827461	false	Lean.Parser.Command.declaration
827462	827726	false	Lean.Parser.Command.declaration
827727	827991	false	Lean.Parser.Command.declaration
827992	828256	false	Lean.Parser.Command.declaration
828257	828521	false	Lean.Parser.Command.declaration
828522	828786	false	Lean.Parser.Command.declaration
828787	829051	false	Lean.Parser.Command.declaration
829052	829316	false	Lean.Parser.Command.declaration
829317	829581	false	Lean.Parser.Command.declaration
829582	829846	false	Lean.Parser.Command.declaration
829847	830111	false	Lean.Parser.Command.declaration
830112	830376	false	Lean.Parser.Command.declaration
830377	830641	false	Lean.Parser.Command.declaration
830642	830905	false	Lean.Parser.Command.declaration
830906	831169	false	Lean.Parser.Command.declaration
831170	831433	false	Lean.Parser.Command.declaration
831434	831697	false	Lean.Parser.Command.declaration
831698	831961	false	Lean.Parser.Command.declaration
831962	832225	false	Lean.Parser.Command.declaration
832226	832489	false	Lean.Parser.Command.declaration
832490	832753	false	Lean.Parser.Command.declaration
832754	833017	false	Lean.Parser.Command.declaration
833018	833281	false	Lean.Parser.Command.declaration
833282	833545	false	Lean.Parser.Command.declaration
833546	833809	false	Lean.Parser.Command.declaration
833810	834073	false	Lean.Parser.Command.declaration
834074	834337	false	Lean.Parser.Command.declaration
834338	834601	false	Lean.Parser.Command.declaration
834602	834865	false	Lean.Parser.Command.declaration
834866	835129	false	Lean.Parser.Command.declaration
835130	835393	false	Lean.Parser.Command.declaration
835394	835657	false	Lean.Parser.Command.declaration
835658	835921	false	Lean.Parser.Command.declaration
835922	836185	false	Lean.Parser.Command.declaration
836186	836449	false	Lean.Parser.Command.declaration
836450	836713	false	Lean.Parser.Command.declaration
836714	836977	false	Lean.Parser.Command.declaration
836978	837241	false	Lean.Parser.Command.declaration
837242	837505	false	Lean.Parser.Command.declaration
837506	837769	false	Lean.Parser.Command.declaration
837770	838033	false	Lean.Parser.Command.declaration
838034	838297	false	Lean.Parser.Command.declaration
838298	838561	false	Lean.Parser.Command.declaration
838562	838825	false	Lean.Parser.Command.declaration
838826	839089	false	Lean.Parser.Command.declaration
839090	839353	false	Lean.Parser.Command.declaration
839354	839617	false	Lean.Parser.Command.declaration
839618	839881	false	Lean.Parser.Command.declaration
839882	840145	false	Lean.Parser.Command.declaration
840146	840409	false	Lean.Parser.Command.declaration
840410	840673	false	Lean.Parser.Command.declaration
840674	840937	false	Lean.Parser.Command.declaration
840938	841201	false	Lean.Parser.Command.declaration
841202	841465	false	Lean.Parser.Command.declaration
841466	841729	false	Lean.Parser.Command.declaration
841730	841993	false	Lean.Parser.Command.declaration
841994	842257	false	Lean.Parser.Command.declaration
842258	842521	false	Lean.Parser.Command.declaration
842522	842785	false	Lean.Parser.Command.declaration
842786	843049	false	Lean.Parser.Command.declaration
843050	843313	false	Lean.Parser.Command.declaration
843314	843577	false	Lean.Parser.Command.declaration
843578	843713	false	Lean.Parser.Command.declaration
843714	843849	false	Lean.Parser.Command.declaration
843850	843985	false	Lean.Parser.Command.declaration
843986	844121	false	Lean.Parser.Command.declaration
844122	844257	false	Lean.Parser.Command.declaration
844258	844393	false	Lean.Parser.Command.declaration
844394	844529	false	Lean.Parser.Command.declaration
844530	844665	false	Lean.Parser.Command.declaration
844666	844801	false	Lean.Parser.Command.declaration
844802	844937	false	Lean.Parser.Command.declaration
844938	845073	false	Lean.Parser.Command.declaration
845074	845209	false	Lean.Parser.Command.declaration
845210	845345	false	Lean.Parser.Command.declaration
845346	845481	false	Lean.Parser.Command.declaration
845482	845617	false	Lean.Parser.Command.declaration
845618	845753	false	Lean.Parser.Command.declaration
845754	845889	false	Lean.Parser.Command.declaration
845890	846025	false	Lean.Parser.Command.declaration
846026	846161	false	Lean.Parser.Command.declaration
846162	846297	false	Lean.Parser.Command.declaration
846298	846434	false	Lean.Parser.Command.declaration
846435	846571	false	Lean.Parser.Command.declaration
846572	846708	false	Lean.Parser.Command.declaration
846709	846845	false	Lean.Parser.Command.declaration
846846	846982	false	Lean.Parser.Command.declaration
846983	847119	false	Lean.Parser.Command.declaration
847120	847256	false	Lean.Parser.Command.declaration
847257	847393	false	Lean.Parser.Command.declaration
847394	847530	false	Lean.Parser.Command.declaration
847531	847667	false	Lean.Parser.Command.declaration
847668	847804	false	Lean.Parser.Command.declaration
847805	847941	false	Lean.Parser.Command.declaration
847942	848078	false	Lean.Parser.Command.declaration
848079	848215	false	Lean.Parser.Command.declaration
848216	848352	false	Lean.Parser.Command.declaration
848353	848489	false	Lean.Parser.Command.declaration
848490	848626	false	Lean.Parser.Command.declaration
848627	848763	false	Lean.Parser.Command.declaration
848764	848900	false	Lean.Parser.Command.declaration
848901	849037	false	Lean.Parser.Command.declaration
849038	849174	false	Lean.Parser.Command.declaration
849175	849311	false	Lean.Parser.Command.declaration
849312	849448	false	Lean.Parser.Command.declaration
849449	849585	false	Lean.Parser.Command.declaration
849586	849722	false	Lean.Parser.Command.declaration
849723	849859	false	Lean.Parser.Command.declaration
849860	849996	false	Lean.Parser.Command.declaration
849997	850133	false	Lean.Parser.Command.declaration
850134	850270	false	Lean.Parser.Command.declaration
850271	850407	false	Lean.Parser.Command.declaration
850408	850544	false	Lean.Parser.Command.declaration
850545	850681	false	Lean.Parser.Command.declaration
850682	850818	false	Lean.Parser.Command.declaration
850819	850955	false	Lean.Parser.Command.declaration
850956	851092	false	Lean.Parser.Command.declaration
851093	851229	false	Lean.Parser.Command.declaration
851230	851366	false	Lean.Parser.Command.declaration
851367	851503	false	Lean.Parser.Command.declaration
851504	851640	false	Lean.Parser.Command.declaration
851641	851777	false	Lean.Parser.Command.declaration
851778	851914	false	Lean.Parser.Command.declaration
851915	852051	false	Lean.Parser.Command.declaration
852052	852188	false	Lean.Parser.Command.declaration
852189	852325	false	Lean.Parser.Command.declaration
852326	852462	false	Lean.Parser.Command.declaration
852463	852599	false	Lean.Parser.Command.declaration
852600	852736	false	Lean.Parser.Command.declaration
852737	852873	false	Lean.Parser.Command.declaration
852874	853010	false	Lean.Parser.Command.declaration
853011	853147	false	Lean.Parser.Command.declaration
853148	853284	false	Lean.Parser.Command.declaration
853285	853421	false	Lean.Parser.Command.declaration
853422	853558	false	Lean.Parser.Command.declaration
853559	853695	false	Lean.Parser.Command.declaration
853696	853832	false	Lean.Parser.Command.declaration
853833	853969	false	Lean.Parser.Command.declaration
853970	854106	false	Lean.Parser.Command.declaration
854107	854243	false	Lean.Parser.Command.declaration
854244	854380	false	Lean.Parser.Command.declaration
854381	854517	false	Lean.Parser.Command.declaration
854518	854654	false	Lean.Parser.Command.declaration
854655	854791	false	Lean.Parser.Command.declaration
854792	854928	false	Lean.Parser.Command.declaration
854929	855065	false	Lean.Parser.Command.declaration
855066	855202	false	Lean.Parser.Command.declaration
855203	855339	false	Lean.Parser.Command.declaration
855340	855476	false	Lean.Parser.Command.declaration
855477	855613	false	Lean.Parser.Command.declaration
855614	855750	false	Lean.Parser.Command.declaration
855751	855887	false	Lean.Parser.Command.declaration
855888	856024	false	Lean.Parser.Command.declaration
856025	856161	false	Lean.Parser.Command.declaration
856162	856298	false	Lean.Parser.Command.declaration
856299	856435	false	Lean.Parser.Command.declaration
856436	856572	false	Lean.Parser.Command.declaration
856573	856709	false	Lean.Parser.Command.declaration
856710	856846	false	Lean.Parser.Command.declaration
856847	856983	false	Lean.Parser.Command.declaration
856984	857120	false	Lean.Parser.Command.declaration
857121	857257	false	Lean.Parser.Command.declaration
857258	857394	false	Lean.Parser.Command.declaration
857395	857531	false	Lean.Parser.Command.declaration
857532	857668	false	Lean.Parser.Command.declaration
857669	857805	false	Lean.Parser.Command.declaration
857806	857942	false	Lean.Parser.Command.declaration
857943	858079	false	Lean.Parser.Command.declaration
858080	858216	false	Lean.Parser.Command.declaration
858217	858353	false	Lean.Parser.Command.declaration
858354	858490	false	Lean.Parser.Command.declaration
858491	858627	false	Lean.Parser.Command.declaration
858628	858764	false	Lean.Parser.Command.declaration
858765	858901	false	Lean.Parser.Command.declaration
858902	859038	false	Lean.Parser.Command.declaration
859039	859175	false	Lean.Parser.Command.declaration
859176	859312	false	Lean.Parser.Command.declaration
859313	859449	false	Lean.Parser.Command.declaration
859450	859586	false	Lean.Parser.Command.declaration
859587	859723	false	Lean.Parser.Command.declaration
859724	859860	false	Lean.Parser.Command.declaration
859861	859997	false	Lean.Parser.Command.declaration
859998	860134	false	Lean.Parser.Command.declaration
860135	860271	false	Lean.Parser.Command.declaration
860272	860408	false	Lean.Parser.Command.declaration
860409	860545	false	Lean.Parser.Command.declaration
860546	860682	false	Lean.Parser.Command.declaration
860683	860819	false	Lean.Parser.Command.declaration
860820	860956	false	Lean.Parser.Command.declaration
860957	861093	false	Lean.Parser.Command.declaration
861094	861230	false	Lean.Parser.Command.declaration
861231	861367	false	Lean.Parser.Command.declaration
861368	861504	false	Lean.Parser.Command.declaration
861505	861641	false	Lean.Parser.Command.declaration
861642	861778	false	Lean.Parser.Command.declaration
861779	861915	false	Lean.Parser.Command.declaration
861916	862052	false	Lean.Parser.Command.declaration
862053	862189	false	Lean.Parser.Command.declaration
862190	862326	false	Lean.Parser.Command.declaration
862327	862463	false	Lean.Parser.Command.declaration
862464	862600	false	Lean.Parser.Command.declaration
862601	862737	false	Lean.Parser.Command.declaration
862738	862874	false	Lean.Parser.Command.declaration
862875	863011	false	Lean.Parser.Command.declaration
863012	863148	false	Lean.Parser.Command.declaration
863149	863285	false	Lean.Parser.Command.declaration
863286	863422	false	Lean.Parser.Command.declaration
863423	863559	false	Lean.Parser.Command.declaration
863560	863696	false	Lean.Parser.Command.declaration
863697	863833	false	Lean.Parser.Command.declaration
863834	863970	false	Lean.Parser.Command.declaration
863971	864107	false	Lean.Parser.Command.declaration
864108	864244	false	Lean.Parser.Command.declaration
864245	864381	false	Lean.Parser.Command.declaration
864382	864518	false	Lean.Parser.Command.declaration
864519	864655	false	Lean.Parser.Command.declaration
864656	864792	false	Lean.Parser.Command.declaration
864793	864929	false	Lean.Parser.Command.declaration
864930	865066	false	Lean.Parser.Command.declaration
865067	865203	false	Lean.Parser.Command.declaration
865204	865340	false	Lean.Parser.Command.declaration
865341	865477	false	Lean.Parser.Command.declaration
865478	865614	false	Lean.Parser.Command.declaration
865615	865751	false	Lean.Parser.Command.declaration
865752	865888	false	Lean.Parser.Command.declaration
865889	866025	false	Lean.Parser.Command.declaration
866026	866162	false	Lean.Parser.Command.declaration
866163	866299	false	Lean.Parser.Command.declaration
866300	866436	false	Lean.Parser.Command.declaration
866437	866573	false	Lean.Parser.Command.declaration
866574	866710	false	Lean.Parser.Command.declaration
866711	866847	false	Lean.Parser.Command.declaration
866848	866984	false	Lean.Parser.Command.declaration
866985	867121	false	Lean.Parser.Command.declaration
867122	867258	false	Lean.Parser.Command.declaration
867259	867395	false	Lean.Parser.Command.declaration
867396	867532	false	Lean.Parser.Command.declaration
867533	867669	false	Lean.Parser.Command.declaration
867670	867806	false	Lean.Parser.Command.declaration
867807	867943	false	Lean.Parser.Command.declaration
867944	868080	false	Lean.Parser.Command.declaration
868081	868217	false	Lean.Parser.Command.declaration
868218	868354	false	Lean.Parser.Command.declaration
868355	868491	false	Lean.Parser.Command.declaration
868492	868628	false	Lean.Parser.Command.declaration
868629	868765	false	Lean.Parser.Command.declaration
868766	868902	false	Lean.Parser.Command.declaration
868903	869039	false	Lean.Parser.Command.declaration
869040	869176	false	Lean.Parser.Command.declaration
869177	869313	false	Lean.Parser.Command.declaration
869314	869450	false	Lean.Parser.Command.declaration
869451	869587	false	Lean.Parser.Command.declaration
869588	869724	false	Lean.Parser.Command.declaration
869725	869861	false	Lean.Parser.Command.declaration
869862	869998	false	Lean.Parser.Command.declaration
869999	870135	false	Lean.Parser.Command.declaration
870136	870272	false	Lean.Parser.Command.declaration
870273	870409	false	Lean.Parser.Command.declaration
870410	870546	false	Lean.Parser.Command.declaration
870547	870683	false	Lean.Parser.Command.declaration
870684	870820	false	Lean.Parser.Command.declaration
870821	870957	false	Lean.Parser.Command.declaration
870958	871094	false	Lean.Parser.Command.declaration
871095	871231	false	Lean.Parser.Command.declaration
871232	871368	false	Lean.Parser.Command.declaration
871369	871505	false	Lean.Parser.Command.declaration
871506	871642	false	Lean.Parser.Command.declaration
871643	871779	false	Lean.Parser.Command.declaration
871780	871916	false	Lean.Parser.Command.declaration
871917	872053	false	Lean.Parser.Command.declaration
872054	872190	false	Lean.Parser.Command.declaration
872191	872327	false	Lean.Parser.Command.declaration
872328	872464	false	Lean.Parser.Command.declaration
872465	872601	false	Lean.Parser.Command.declaration
872602	872738	false	Lean.Parser.Command.declaration
872739	872875	false	Lean.Parser.Command.declaration
872876	873012	false	Lean.Parser.Command.declaration
873013	873149	false	Lean.Parser.Command.declaration
873150	873286	false	Lean.Parser.Command.declaration
873287	873423	false	Lean.Parser.Command.declaration
873424	873560	false	Lean.Parser.Command.declaration
873561	873697	false	Lean.Parser.Command.declaration
873698	873834	false	Lean.Parser.Command.declaration
873835	873971	false	Lean.Parser.Command.declaration
873972	874108	false	Lean.Parser.Command.declaration
874109	874245	false	Lean.Parser.Command.declaration
874246	874382	false	Lean.Parser.Command.declaration
874383	874519	false	Lean.Parser.Command.declaration
874520	874656	false	Lean.Parser.Command.declaration
874657	874793	false	Lean.Parser.Command.declaration
874794	874930	false	Lean.Parser.Command.declaration
874931	875067	false	Lean.Parser.Command.declaration
875068	875204	false	Lean.Parser.Command.declaration
875205	875341	false	Lean.Parser.Command.declaration
875342	875478	false	Lean.Parser.Command.declaration
875479	875615	false	Lean.Parser.Command.declaration
875616	875752	false	Lean.Parser.Command.declaration
875753	875889	false	Lean.Parser.Command.declaration
875890	876026	false	Lean.Parser.Command.declaration
876027	876163	false	Lean.Parser.Command.declaration
876164	876300	false	Lean.Parser.Command.declaration
876301	876437	false	Lean.Parser.Command.declaration
876438	876574	false	Lean.Parser.Command.declaration
876575	876711	false	Lean.Parser.Command.declaration
876712	876848	false	Lean.Parser.Command.declaration
876849	876985	false	Lean.Parser.Command.declaration
876986	877122	false	Lean.Parser.Command.declaration
877123	877259	false	Lean.Parser.Command.declaration
877260	877396	false	Lean.Parser.Command.declaration
877397	877533	false	Lean.Parser.Command.declaration
877534	877670	false	Lean.Parser.Command.declaration
877671	877807	false	Lean.Parser.Command.declaration
877808	877944	false	Lean.Parser.Command.declaration
877945	878081	false	Lean.Parser.Command.declaration
878082	878218	false	Lean.Parser.Command.declaration
878219	878355	false	Lean.Parser.Command.declaration
878356	878492	false	Lean.Parser.Command.declaration
878493	878629	false	Lean.Parser.Command.declaration
878630	878766	false	Lean.Parser.Command.declaration
878767	878903	false	Lean.Parser.Command.declaration
878904	879040	false	Lean.Parser.Command.declaration
879041	879177	false	Lean.Parser.Command.declaration
879178	879314	false	Lean.Parser.Command.declaration
879315	879451	false	Lean.Parser.Command.declaration
879452	879588	false	Lean.Parser.Command.declaration
879589	879725	false	Lean.Parser.Command.declaration
879726	879862	false	Lean.Parser.Command.declaration
879863	879999	false	Lean.Parser.Command.declaration
880000	880136	false	Lean.Parser.Command.declaration
880137	880273	false	Lean.Parser.Command.declaration
880274	880410	false	Lean.Parser.Command.declaration
880411	880547	false	Lean.Parser.Command.declaration
880548	880684	false	Lean.Parser.Command.declaration
880685	880821	false	Lean.Parser.Command.declaration
880822	880958	false	Lean.Parser.Command.declaration
880959	881095	false	Lean.Parser.Command.declaration
881096	881232	false	Lean.Parser.Command.declaration
881233	881369	false	Lean.Parser.Command.declaration
881370	881506	false	Lean.Parser.Command.declaration
881507	881643	false	Lean.Parser.Command.declaration
881644	881780	false	Lean.Parser.Command.declaration
881781	881917	false	Lean.Parser.Command.declaration
881918	882054	false	Lean.Parser.Command.declaration
882055	882191	false	Lean.Parser.Command.declaration
882192	882328	false	Lean.Parser.Command.declaration
882329	882465	false	Lean.Parser.Command.declaration
882466	882602	false	Lean.Parser.Command.declaration
882603	882739	false	Lean.Parser.Command.declaration
882740	882876	false	Lean.Parser.Command.declaration
882877	883013	false	Lean.Parser.Command.declaration
883014	883150	false	Lean.Parser.Command.declaration
883151	883287	false	Lean.Parser.Command.declaration
883288	883424	false	Lean.Parser.Command.declaration
883425	883561	false	Lean.Parser.Command.declaration
883562	883698	false	Lean.Parser.Command.declaration
883699	883835	false	Lean.Parser.Command.declaration
883836	883972	false	Lean.Parser.Command.declaration
883973	884109	false	Lean.Parser.Command.declaration
884110	884246	false	Lean.Parser.Command.declaration
884247	884383	false	Lean.Parser.Command.declaration
884384	884520	false	Lean.Parser.Command.declaration
884521	884657	false	Lean.Parser.Command.declaration
884658	884794	false	Lean.Parser.Command.declaration
884795	884931	false	Lean.Parser.Command.declaration
884932	885068	false	Lean.Parser.Command.declaration
885069	885205	false	Lean.Parser.Command.declaration
885206	885342	false	Lean.Parser.Command.declaration
885343	885479	false	Lean.Parser.Command.declaration
885480	885616	false	Lean.Parser.Command.declaration
885617	885753	false	Lean.Parser.Command.declaration
885754	885890	false	Lean.Parser.Command.declaration
885891	886027	false	Lean.Parser.Command.declaration
886028	886164	false	Lean.Parser.Command.declaration
886165	886301	false	Lean.Parser.Command.declaration
886302	886438	false	Lean.Parser.Command.declaration
886439	886575	false	Lean.Parser.Command.declaration
886576	886712	false	Lean.Parser.Command.declaration
886713	886849	false	Lean.Parser.Command.declaration
886850	886986	false	Lean.Parser.Command.declaration
886987	887123	false	Lean.Parser.Command.declaration
887124	887260	false	Lean.Parser.Command.declaration
887261	887397	false	Lean.Parser.Command.declaration
887398	887534	false	Lean.Parser.Command.declaration
887535	887671	false	Lean.Parser.Command.declaration
887672	887808	false	Lean.Parser.Command.declaration
887809	887945	false	Lean.Parser.Command.declaration
887946	888082	false	Lean.Parser.Command.declaration
888083	888219	false	Lean.Parser.Command.declaration
888220	888356	false	Lean.Parser.Command.declaration
888357	888493	false	Lean.Parser.Command.declaration
888494	888630	false	Lean.Parser.Command.declaration
888631	888767	false	Lean.Parser.Command.declaration
888768	888904	false	Lean.Parser.Command.declaration
888905	889041	false	Lean.Parser.Command.declaration
889042	889178	false	Lean.Parser.Command.declaration
889179	889315	false	Lean.Parser.Command.declaration
889316	889452	false	Lean.Parser.Command.declaration
889453	889589	false	Lean.Parser.Command.declaration
889590	889726	false	Lean.Parser.Command.declaration
889727	889863	false	Lean.Parser.Command.declaration
889864	890000	false	Lean.Parser.Command.declaration
890001	890137	false	Lean.Parser.Command.declaration
890138	890274	false	Lean.Parser.Command.declaration
890275	890411	false	Lean.Parser.Command.declaration
890412	890548	false	Lean.Parser.Command.declaration
890549	890685	false	Lean.Parser.Command.declaration
890686	890822	false	Lean.Parser.Command.declaration
890823	890959	false	Lean.Parser.Command.declaration
890960	891096	false	Lean.Parser.Command.declaration
891097	891233	false	Lean.Parser.Command.declaration
891234	891370	false	Lean.Parser.Command.declaration
891371	891507	false	Lean.Parser.Command.declaration
891508	891644	false	Lean.Parser.Command.declaration
891645	891781	false	Lean.Parser.Command.declaration
891782	891918	false	Lean.Parser.Command.declaration
891919	892055	false	Lean.Parser.Command.declaration
892056	892192	false	Lean.Parser.Command.declaration
892193	892329	false	Lean.Parser.Command.declaration
892330	892466	false	Lean.Parser.Command.declaration
892467	892603	false	Lean.Parser.Command.declaration
892604	892740	false	Lean.Parser.Command.declaration
892741	892877	false	Lean.Parser.Command.declaration
892878	893014	false	Lean.Parser.Command.declaration
893015	893151	false	Lean.Parser.Command.declaration
893152	893288	false	Lean.Parser.Command.declaration
893289	893425	false	Lean.Parser.Command.declaration
893426	893562	false	Lean.Parser.Command.declaration
893563	893699	false	Lean.Parser.Command.declaration
893700	893836	false	Lean.Parser.Command.declaration
893837	893973	false	Lean.Parser.Command.declaration
893974	894110	false	Lean.Parser.Command.declaration
894111	894247	false	Lean.Parser.Command.declaration
894248	894384	false	Lean.Parser.Command.declaration
894385	894521	false	Lean.Parser.Command.declaration
894522	894658	false	Lean.Parser.Command.declaration
894659	894795	false	Lean.Parser.Command.declaration
894796	894932	false	Lean.Parser.Command.declaration
894933	895069	false	Lean.Parser.Command.declaration
895070	895206	false	Lean.Parser.Command.declaration
895207	895343	false	Lean.Parser.Command.declaration
895344	895480	false	Lean.Parser.Command.declaration
895481	895617	false	Lean.Parser.Command.declaration
895618	895754	false	Lean.Parser.Command.declaration
895755	895891	false	Lean.Parser.Command.declaration
895892	896028	false	Lean.Parser.Command.declaration
896029	896165	false	Lean.Parser.Command.declaration
896166	896302	false	Lean.Parser.Command.declaration
896303	896439	false	Lean.Parser.Command.declaration
896440	896576	false	Lean.Parser.Command.declaration
896577	896713	false	Lean.Parser.Command.declaration
896714	896850	false	Lean.Parser.Command.declaration
896851	896987	false	Lean.Parser.Command.declaration
896988	897124	false	Lean.Parser.Command.declaration
897125	897261	false	Lean.Parser.Command.declaration
897262	897398	false	Lean.Parser.Command.declaration
897399	897535	false	Lean.Parser.Command.declaration
897536	897672	false	Lean.Parser.Command.declaration
897673	897809	false	Lean.Parser.Command.declaration
897810	897946	false	Lean.Parser.Command.declaration
897947	898083	false	Lean.Parser.Command.declaration
898084	898220	false	Lean.Parser.Command.declaration
898221	898357	false	Lean.Parser.Command.declaration
898358	898494	false	Lean.Parser.Command.declaration
898495	898631	false	Lean.Parser.Command.declaration
898632	898768	false	Lean.Parser.Command.declaration
898769	898905	false	Lean.Parser.Command.declaration
898906	899042	false	Lean.Parser.Command.declaration
899043	899179	false	Lean.Parser.Command.declaration
899180	899316	false	Lean.Parser.Command.declaration
899317	899453	false	Lean.Parser.Command.declaration
899454	899590	false	Lean.Parser.Command.declaration
899591	899727	false	Lean.Parser.Command.declaration
899728	899864	false	Lean.Parser.Command.declaration
899865	900001	false	Lean.Parser.Command.declaration
900002	900138	false	Lean.Parser.Command.declaration
900139	900275	false	Lean.Parser.Command.declaration
900276	900412	false	Lean.Parser.Command.declaration
900413	900549	false	Lean.Parser.Command.declaration
900550	900686	false	Lean.Parser.Command.declaration
900687	900823	false	Lean.Parser.Command.declaration
900824	900960	false	Lean.Parser.Command.declaration
900961	901097	false	Lean.Parser.Command.declaration
901098	901234	false	Lean.Parser.Command.declaration
901235	901371	false	Lean.Parser.Command.declaration
901372	901508	false	Lean.Parser.Command.declaration
901509	901645	false	Lean.Parser.Command.declaration
901646	901782	false	Lean.Parser.Command.declaration
901783	901919	false	Lean.Parser.Command.declaration
901920	902056	false	Lean.Parser.Command.declaration
902057	902193	false	Lean.Parser.Command.declaration
902194	902330	false	Lean.Parser.Command.declaration
902331	902467	false	Lean.Parser.Command.declaration
902468	902604	false	Lean.Parser.Command.declaration
902605	902741	false	Lean.Parser.Command.declaration
902742	902818	false	Lean.Parser.Command.declaration
902819	902889	false	Lean.Parser.Command.declaration
902890	902966	false	Lean.Parser.Command.declaration
902967	903043	false	Lean.Parser.Command.declaration
903044	903108	false	Lean.Parser.Command.declaration
903109	903173	false	Lean.Parser.Command.declaration
903174	903250	false	Lean.Parser.Command.declaration
903251	903328	false	Lean.Parser.Command.declaration
903329	903395	false	Lean.Parser.Command.declaration
903396	903474	false	Lean.Parser.Command.declaration
903475	903553	false	Lean.Parser.Command.declaration
903554	903624	false	Lean.Parser.Command.declaration
903625	903693	false	Lean.Parser.Command.declaration
903694	903760	false	Lean.Parser.Command.declaration
903761	903839	false	Lean.Parser.Command.declaration
903840	903918	false	Lean.Parser.Command.declaration
903919	903989	false	Lean.Parser.Command.declaration
903990	904068	false	Lean.Parser.Command.declaration
904069	904147	false	Lean.Parser.Command.declaration
904148	904218	false	Lean.Parser.Command.declaration
904219	904289	false	Lean.Parser.Command.declaration
904290	904368	false	Lean.Parser.Command.declaration
904369	904447	false	Lean.Parser.Command.declaration
904448	904518	false	Lean.Parser.Command.declaration
904519	904597	false	Lean.Parser.Command.declaration
904598	904676	false	Lean.Parser.Command.declaration
904677	904747	false	Lean.Parser.Command.declaration
904748	904818	false	Lean.Parser.Command.declaration
904819	904889	false	Lean.Parser.Command.declaration
904890	904958	false	Lean.Parser.Command.declaration
904959	905037	false	Lean.Parser.Command.declaration
905038	905112	false	Lean.Parser.Command.declaration
905113	905191	false	Lean.Parser.Command.declaration
905192	905270	false	Lean.Parser.Command.declaration
905271	905341	false	Lean.Parser.Command.declaration
905342	905412	false	Lean.Parser.Command.declaration
905413	905491	false	Lean.Parser.Command.declaration
905492	905570	false	Lean.Parser.Command.declaration
905571	905641	false	Lean.Parser.Command.declaration
905642	905720	false	Lean.Parser.Command.declaration
905721	905799	false	Lean.Parser.Command.declaration
905800	905870	false	Lean.Parser.Command.declaration
905871	905941	false	Lean.Parser.Command.declaration
905942	906012	false	Lean.Parser.Command.declaration
906013	906091	false	Lean.Parser.Command.declaration
906092	906170	false	Lean.Parser.Command.declaration
906171	906241	false	Lean.Parser.Command.declaration
906242	906320	false	Lean.Parser.Command.declaration
906321	906399	false	Lean.Parser.Command.declaration
906400	906470	false	Lean.Parser.Command.declaration
906471	906541	false	Lean.Parser.Command.declaration
906542	906620	false	Lean.Parser.Command.declaration
906621	906699	false	Lean.Parser.Command.declaration
906700	906770	false	Lean.Parser.Command.declaration
906771	906849	false	Lean.Parser.Command.declaration
906850	906928	false	Lean.Parser.Command.declaration
906929	906999	false	Lean.Parser.Command.declaration
907000	907070	false	Lean.Parser.Command.declaration
907071	907141	false	Lean.Parser.Command.declaration
907142	907212	false	Lean.Parser.Command.declaration
907213	907281	false	Lean.Parser.Command.declaration
907282	907360	false	Lean.Parser.Command.declaration
907361	907435	false	Lean.Parser.Command.declaration
907436	907514	false	Lean.Parser.Command.declaration
907515	907593	false	Lean.Parser.Command.declaration
907594	907664	false	Lean.Parser.Command.declaration
907665	907735	false	Lean.Parser.Command.declaration
907736	907814	false	Lean.Parser.Command.declaration
907815	907893	false	Lean.Parser.Command.declaration
907894	907964	false	Lean.Parser.Command.declaration
907965	908043	false	Lean.Parser.Command.declaration
908044	908122	false	Lean.Parser.Command.declaration
908123	908193	false	Lean.Parser.Command.declaration
908194	908264	false	Lean.Parser.Command.declaration
908265	908335	false	Lean.Parser.Command.declaration
908336	908414	false	Lean.Parser.Command.declaration
908415	908493	false	Lean.Parser.Command.declaration
908494	908564	false	Lean.Parser.Command.declaration
908565	908643	false	Lean.Parser.Command.declaration
908644	908725	false	Lean.Parser.Command.declaration
908726	908796	false	Lean.Parser.Command.declaration
908797	908867	false	Lean.Parser.Command.declaration
908868	908951	false	Lean.Parser.Command.declaration
908952	909035	false	Lean.Parser.Command.declaration
909036	909107	false	Lean.Parser.Command.declaration
909108	909191	false	Lean.Parser.Command.declaration
909192	909275	false	Lean.Parser.Command.declaration
909276	909347	false	Lean.Parser.Command.declaration
909348	909419	false	Lean.Parser.Command.declaration
909420	909491	false	Lean.Parser.Command.declaration
909492	909562	false	Lean.Parser.Command.declaration
909563	909646	false	Lean.Parser.Command.declaration
909647	909724	false	Lean.Parser.Command.declaration
909725	909808	false	Lean.Parser.Command.declaration
909809	909893	false	Lean.Parser.Command.declaration
909894	909967	false	Lean.Parser.Command.declaration
909968	910041	false	Lean.Parser.Command.declaration
910042	910127	false	Lean.Parser.Command.declaration
910128	910213	false	Lean.Parser.Command.declaration
910214	910291	false	Lean.Parser.Command.declaration
910292	910377	false	Lean.Parser.Command.declaration
910378	910463	false	Lean.Parser.Command.declaration
910464	910541	false	Lean.Parser.Command.declaration
910542	910619	false	Lean.Parser.Command.declaration
910620	910695	false	Lean.Parser.Command.declaration
910696	910781	false	Lean.Parser.Command.declaration
910782	910867	false	Lean.Parser.Command.declaration
910868	910945	false	Lean.Parser.Command.declaration
910946	911031	false	Lean.Parser.Command.declaration
911032	911117	false	Lean.Parser.Command.declaration
911118	911195	false	Lean.Parser.Command.declaration
911196	911273	false	Lean.Parser.Command.declaration
911274	911359	false	Lean.Parser.Command.declaration
911360	911445	false	Lean.Parser.Command.declaration
911446	911523	false	Lean.Parser.Command.declaration
911524	911609	false	Lean.Parser.Command.declaration
911610	911695	false	Lean.Parser.Command.declaration
911696	911773	false	Lean.Parser.Command.declaration
911774	911851	false	Lean.Parser.Command.declaration
911852	911929	false	Lean.Parser.Command.declaration
911930	912005	false	Lean.Parser.Command.declaration
912006	912079	false	Lean.Parser.Command.declaration
912080	912150	false	Lean.Parser.Command.declaration
912151	912236	false	Lean.Parser.Command.declaration
912237	912318	false	Lean.Parser.Command.declaration
912319	912404	false	Lean.Parser.Command.declaration
912405	912490	false	Lean.Parser.Command.declaration
912491	912568	false	Lean.Parser.Command.declaration
912569	912646	false	Lean.Parser.Command.declaration
912647	912732	false	Lean.Parser.Command.declaration
912733	912818	false	Lean.Parser.Command.declaration
912819	912896	false	Lean.Parser.Command.declaration
912897	912982	false	Lean.Parser.Command.declaration
912983	913068	false	Lean.Parser.Command.declaration
913069	913146	false	Lean.Parser.Command.declaration
913147	913224	false	Lean.Parser.Command.declaration
913225	913302	false	Lean.Parser.Command.declaration
913303	913388	false	Lean.Parser.Command.declaration
913389	913474	false	Lean.Parser.Command.declaration
913475	913552	false	Lean.Parser.Command.declaration
913553	913638	false	Lean.Parser.Command.declaration
913639	913724	false	Lean.Parser.Command.declaration
913725	913802	false	Lean.Parser.Command.declaration
913803	913880	false	Lean.Parser.Command.declaration
913881	913966	false	Lean.Parser.Command.declaration
913967	914052	false	Lean.Parser.Command.declaration
914053	914130	false	Lean.Parser.Command.declaration
914131	914216	false	Lean.Parser.Command.declaration
914217	914302	false	Lean.Parser.Command.declaration
914303	914380	false	Lean.Parser.Command.declaration
914381	914458	false	Lean.Parser.Command.declaration
914459	914536	false	Lean.Parser.Command.declaration
914537	914614	false	Lean.Parser.Command.declaration
914615	914700	false	Lean.Parser.Command.declaration
914701	914782	false	Lean.Parser.Command.declaration
914783	914868	false	Lean.Parser.Command.declaration
914869	914954	false	Lean.Parser.Command.declaration
914955	915032	false	Lean.Parser.Command.declaration
915033	915110	false	Lean.Parser.Command.declaration
915111	915196	false	Lean.Parser.Command.declaration
915197	915282	false	Lean.Parser.Command.declaration
915283	915360	false	Lean.Parser.Command.declaration
915361	915446	false	Lean.Parser.Command.declaration
915447	915532	false	Lean.Parser.Command.declaration
915533	915610	false	Lean.Parser.Command.declaration
915611	915688	false	Lean.Parser.Command.declaration
915689	915766	false	Lean.Parser.Command.declaration
915767	915852	false	Lean.Parser.Command.declaration
915853	915938	false	Lean.Parser.Command.declaration
915939	916016	false	Lean.Parser.Command.declaration
916017	916102	false	Lean.Parser.Command.declaration
916103	916188	false	Lean.Parser.Command.declaration
916189	916266	false	Lean.Parser.Command.declaration
916267	916344	false	Lean.Parser.Command.declaration
916345	916430	false	Lean.Parser.Command.declaration
916431	916516	false	Lean.Parser.Command.declaration
916517	916594	false	Lean.Parser.Command.declaration
916595	916680	false	Lean.Parser.Command.declaration
916681	916766	false	Lean.Parser.Command.declaration
916767	916844	false	Lean.Parser.Command.declaration
916845	916922	false	Lean.Parser.Command.declaration
916923	917000	false	Lean.Parser.Command.declaration
917001	917078	false	Lean.Parser.Command.declaration
917079	917156	false	Lean.Parser.Command.declaration
917157	917242	false	Lean.Parser.Command.declaration
917243	917324	false	Lean.Parser.Command.declaration
917325	917410	false	Lean.Parser.Command.declaration
917411	917496	false	Lean.Parser.Command.declaration
917497	917574	false	Lean.Parser.Command.declaration
917575	917652	false	Lean.Parser.Command.declaration
917653	917738	false	Lean.Parser.Command.declaration
917739	917824	false	Lean.Parser.Command.declaration
917825	917902	false	Lean.Parser.Command.declaration
917903	917988	false	Lean.Parser.Command.declaration
917989	918074	false	Lean.Parser.Command.declaration
918075	918152	false	Lean.Parser.Command.declaration
918153	918230	false	Lean.Parser.Command.declaration
918231	918308	false	Lean.Parser.Command.declaration
918309	918394	false	Lean.Parser.Command.declaration
918395	918480	false	Lean.Parser.Command.declaration
918481	918558	false	Lean.Parser.Command.declaration
918559	918644	false	Lean.Parser.Command.declaration
918645	918730	false	Lean.Parser.Command.declaration
918731	918808	false	Lean.Parser.Command.declaration
918809	918886	false	Lean.Parser.Command.declaration
918887	918972	false	Lean.Parser.Command.declaration
918973	919058	false	Lean.Parser.Command.declaration
919059	919136	false	Lean.Parser.Command.declaration
919137	919222	false	Lean.Parser.Command.declaration
919223	919308	false	Lean.Parser.Command.declaration
919309	919386	false	Lean.Parser.Command.declaration
919387	919464	false	Lean.Parser.Command.declaration
919465	919542	false	Lean.Parser.Command.declaration
919543	919620	false	Lean.Parser.Command.declaration
919621	919706	false	Lean.Parser.Command.declaration
919707	919788	false	Lean.Parser.Command.declaration
919789	919874	false	Lean.Parser.Command.declaration
919875	919960	false	Lean.Parser.Command.declaration
919961	920038	false	Lean.Parser.Command.declaration
920039	920116	false	Lean.Parser.Command.declaration
920117	920202	false	Lean.Parser.Command.declaration
920203	920288	false	Lean.Parser.Command.declaration
920289	920366	false	Lean.Parser.Command.declaration
920367	920452	false	Lean.Parser.Command.declaration
920453	920538	false	Lean.Parser.Command.declaration
920539	920616	false	Lean.Parser.Command.declaration
920617	920694	false	Lean.Parser.Command.declaration
920695	920772	false	Lean.Parser.Command.declaration
920773	920858	false	Lean.Parser.Command.declaration
920859	920944	false	Lean.Parser.Command.declaration
920945	921022	false	Lean.Parser.Command.declaration
921023	921108	false	Lean.Parser.Command.declaration
921109	921194	false	Lean.Parser.Command.declaration
921195	921272	false	Lean.Parser.Command.declaration
921273	921350	false	Lean.Parser.Command.declaration
921351	921436	false	Lean.Parser.Command.declaration
921437	921522	false	Lean.Parser.Command.declaration
921523	921600	false	Lean.Parser.Command.declaration
921601	921686	false	Lean.Parser.Command.declaration
921687	921772	false	Lean.Parser.Command.declaration
921773	921850	false	Lean.Parser.Command.declaration
921851	921928	false	Lean.Parser.Command.declaration
921929	922006	false	Lean.Parser.Command.declaration
922007	922084	false	Lean.Parser.Command.declaration
922085	922162	false	Lean.Parser.Command.declaration
922163	922240	false	Lean.Parser.Command.declaration
922241	922314	false	Lean.Parser.Command.declaration
922315	922400	false	Lean.Parser.Command.declaration
922401	922482	false	Lean.Parser.Command.declaration
922483	922568	false	Lean.Parser.Command.declaration
922569	922654	false	Lean.Parser.Command.declaration
922655	922732	false	Lean.Parser.Command.declaration
922733	922810	false	Lean.Parser.Command.declaration
922811	922896	false	Lean.Parser.Command.declaration
922897	922982	false	Lean.Parser.Command.declaration
922983	923060	false	Lean.Parser.Command.declaration
923061	923146	false	Lean.Parser.Command.declaration
923147	923232	false	Lean.Parser.Command.declaration
923233	923310	false	Lean.Parser.Command.declaration
923311	923388	false	Lean.Parser.Command.declaration
923389	923466	false	Lean.Parser.Command.declaration
923467	923552	false	Lean.Parser.Command.declaration
923553	923638	false	Lean.Parser.Command.declaration
923639	923716	false	Lean.Parser.Command.declaration
923717	923802	false	Lean.Parser.Command.declaration
923803	923888	false	Lean.Parser.Command.declaration
923889	923966	false	Lean.Parser.Command.declaration
923967	924044	false	Lean.Parser.Command.declaration
924045	924130	false	Lean.Parser.Command.declaration
924131	924216	false	Lean.Parser.Command.declaration
924217	924294	false	Lean.Parser.Command.declaration
924295	924380	false	Lean.Parser.Command.declaration
924381	924466	false	Lean.Parser.Command.declaration
924467	924544	false	Lean.Parser.Command.declaration
924545	924622	false	Lean.Parser.Command.declaration
924623	924700	false	Lean.Parser.Command.declaration
924701	924778	false	Lean.Parser.Command.declaration
924779	924864	false	Lean.Parser.Command.declaration
924865	924946	false	Lean.Parser.Command.declaration
924947	925032	false	Lean.Parser.Command.declaration
925033	925118	false	Lean.Parser.Command.declaration
925119	925196	false	Lean.Parser.Command.declaration
925197	925274	false	Lean.Parser.Command.declaration
925275	925360	false	Lean.Parser.Command.declaration
925361	925446	false	Lean.Parser.Command.declaration
925447	925524	false	Lean.Parser.Command.declaration
925525	925610	false	Lean.Parser.Command.declaration
925611	925696	false	Lean.Parser.Command.declaration
925697	925774	false	Lean.Parser.Command.declaration
925775	925852	false	Lean.Parser.Command.declaration
925853	925930	false	Lean.Parser.Command.declaration
925931	926016	false	Lean.Parser.Command.declaration
926017	926102	false	Lean.Parser.Command.declaration
926103	926180	false	Lean.Parser.Command.declaration
926181	926266	false	Lean.Parser.Command.declaration
926267	926352	false	Lean.Parser.Command.declaration
926353	926430	false	Lean.Parser.Command.declaration
926431	926508	false	Lean.Parser.Command.declaration
926509	926594	false	Lean.Parser.Command.declaration
926595	926680	false	Lean.Parser.Command.declaration
926681	926758	false	Lean.Parser.Command.declaration
926759	926844	false	Lean.Parser.Command.declaration
926845	926930	false	Lean.Parser.Command.declaration
926931	927008	false	Lean.Parser.Command.declaration
927009	927086	false	Lean.Parser.Command.declaration
927087	927164	false	Lean.Parser.Command.declaration
927165	927242	false	Lean.Parser.Command.declaration
927243	927320	false	Lean.Parser.Command.declaration
927321	927406	false	Lean.Parser.Command.declaration
927407	927488	false	Lean.Parser.Command.declaration
927489	927574	false	Lean.Parser.Command.declaration
927575	927660	false	Lean.Parser.Command.declaration
927661	927738	false	Lean.Parser.Command.declaration
927739	927816	false	Lean.Parser.Command.declaration
927817	927902	false	Lean.Parser.Command.declaration
927903	927988	false	Lean.Parser.Command.declaration
927989	928066	false	Lean.Parser.Command.declaration
928067	928152	false	Lean.Parser.Command.declaration
928153	928238	false	Lean.Parser.Command.declaration
928239	928316	false	Lean.Parser.Command.declaration
928317	928394	false	Lean.Parser.Command.declaration
928395	928472	false	Lean.Parser.Command.declaration
928473	928558	false	Lean.Parser.Command.declaration
928559	928644	false	Lean.Parser.Command.declaration
928645	928722	false	Lean.Parser.Command.declaration
928723	928808	false	Lean.Parser.Command.declaration
928809	928894	false	Lean.Parser.Command.declaration
928895	928972	false	Lean.Parser.Command.declaration
928973	929050	false	Lean.Parser.Command.declaration
929051	929136	false	Lean.Parser.Command.declaration
929137	929222	false	Lean.Parser.Command.declaration
929223	929300	false	Lean.Parser.Command.declaration
929301	929386	false	Lean.Parser.Command.declaration
929387	929472	false	Lean.Parser.Command.declaration
929473	929550	false	Lean.Parser.Command.declaration
929551	929628	false	Lean.Parser.Command.declaration
929629	929706	false	Lean.Parser.Command.declaration
929707	929784	false	Lean.Parser.Command.declaration
929785	929870	false	Lean.Parser.Command.declaration
929871	929952	false	Lean.Parser.Command.declaration
929953	930038	false	Lean.Parser.Command.declaration
930039	930124	false	Lean.Parser.Command.declaration
930125	930202	false	Lean.Parser.Command.declaration
930203	930280	false	Lean.Parser.Command.declaration
930281	930366	false	Lean.Parser.Command.declaration
930367	930452	false	Lean.Parser.Command.declaration
930453	930530	false	Lean.Parser.Command.declaration
930531	930616	false	Lean.Parser.Command.declaration
930617	930702	false	Lean.Parser.Command.declaration
930703	930780	false	Lean.Parser.Command.declaration
930781	930858	false	Lean.Parser.Command.declaration
930859	930936	false	Lean.Parser.Command.declaration
930937	931022	false	Lean.Parser.Command.declaration
931023	931108	false	Lean.Parser.Command.declaration
931109	931186	false	Lean.Parser.Command.declaration
931187	931272	false	Lean.Parser.Command.declaration
931273	931358	false	Lean.Parser.Command.declaration
931359	931436	false	Lean.Parser.Command.declaration
931437	931514	false	Lean.Parser.Command.declaration
931515	931600	false	Lean.Parser.Command.declaration
931601	931686	false	Lean.Parser.Command.declaration
931687	931764	false	Lean.Parser.Command.declaration
931765	931850	false	Lean.Parser.Command.declaration
931851	931936	false	Lean.Parser.Command.declaration
931937	932014	false	Lean.Parser.Command.declaration
932015	932092	false	Lean.Parser.Command.declaration
932093	932170	false	Lean.Parser.Command.declaration
932171	932248	false	Lean.Parser.Command.declaration
932249	932326	false	Lean.Parser.Command.declaration
932327	932404	false	Lean.Parser.Command.declaration
932405	932490	false	Lean.Parser.Command.declaration
932491	932572	false	Lean.Parser.Command.declaration
932573	932658	false	Lean.Parser.Command.declaration
932659	932744	false	Lean.Parser.Command.declaration
932745	932822	false	Lean.Parser.Command.declaration
932823	932900	false	Lean.Parser.Command.declaration
932901	932986	false	Lean.Parser.Command.declaration
932987	933072	false	Lean.Parser.Command.declaration
933073	933150	false	Lean.Parser.Command.declaration
933151	933236	false	Lean.Parser.Command.declaration
933237	933322	false	Lean.Parser.Command.declaration
933323	933400	false	Lean.Parser.Command.declaration
933401	933478	false	Lean.Parser.Command.declaration
933479	933556	false	Lean.Parser.Command.declaration
933557	933642	false	Lean.Parser.Command.declaration
933643	933728	false	Lean.Parser.Command.declaration
933729	933806	false	Lean.Parser.Command.declaration
933807	933892	false	Lean.Parser.Command.declaration
933893	933978	false	Lean.Parser.Command.declaration
933979	934056	false	Lean.Parser.Command.declaration
934057	934134	false	Lean.Parser.Command.declaration
934135	934220	false	Lean.Parser.Command.declaration
934221	934306	false	Lean.Parser.Command.declaration
934307	934384	false	Lean.Parser.Command.declaration
934385	934470	false	Lean.Parser.Command.declaration
934471	934556	false	Lean.Parser.Command.declaration
934557	934634	false	Lean.Parser.Command.declaration
934635	934712	false	Lean.Parser.Command.declaration
934713	934790	false	Lean.Parser.Command.declaration
934791	934868	false	Lean.Parser.Command.declaration
934869	934954	false	Lean.Parser.Command.declaration
934955	935036	false	Lean.Parser.Command.declaration
935037	935122	false	Lean.Parser.Command.declaration
935123	935208	false	Lean.Parser.Command.declaration
935209	935286	false	Lean.Parser.Command.declaration
935287	935364	false	Lean.Parser.Command.declaration
935365	935450	false	Lean.Parser.Command.declaration
935451	935536	false	Lean.Parser.Command.declaration
935537	935614	false	Lean.Parser.Command.declaration
935615	935700	false	Lean.Parser.Command.declaration
935701	935786	false	Lean.Parser.Command.declaration
935787	935864	false	Lean.Parser.Command.declaration
935865	935942	false	Lean.Parser.Command.declaration
935943	936020	false	Lean.Parser.Command.declaration
936021	936106	false	Lean.Parser.Command.declaration
936107	936192	false	Lean.Parser.Command.declaration
936193	936270	false	Lean.Parser.Command.declaration
936271	936356	false	Lean.Parser.Command.declaration
936357	936442	false	Lean.Parser.Command.declaration
936443	936520	false	Lean.Parser.Command.declaration
936521	936598	false	Lean.Parser.Command.declaration
936599	936684	false	Lean.Parser.Command.declaration
936685	936770	false	Lean.Parser.Command.declaration
936771	936848	false	Lean.Parser.Command.declaration
936849	936934	false	Lean.Parser.Command.declaration
936935	937020	false	Lean.Parser.Command.declaration
937021	937098	false	Lean.Parser.Command.declaration
937099	937176	false	Lean.Parser.Command.declaration
937177	937254	false	Lean.Parser.Command.declaration
937255	937332	false	Lean.Parser.Command.declaration
937333	937410	false	Lean.Parser.Command.declaration
937411	937496	false	Lean.Parser.Command.declaration
937497	937578	false	Lean.Parser.Command.declaration
937579	937664	false	Lean.Parser.Command.declaration
937665	937750	false	Lean.Parser.Command.declaration
937751	937828	false	Lean.Parser.Command.declaration
937829	937906	false	Lean.Parser.Command.declaration
937907	937992	false	Lean.Parser.Command.declaration
937993	938078	false	Lean.Parser.Command.declaration
938079	938156	false	Lean.Parser.Command.declaration
938157	938242	false	Lean.Parser.Command.declaration
938243	938328	false	Lean.Parser.Command.declaration
938329	938406	false	Lean.Parser.Command.declaration
938407	938484	false	Lean.Parser.Command.declaration
938485	938562	false	Lean.Parser.Command.declaration
938563	938648	false	Lean.Parser.Command.declaration
938649	938734	false	Lean.Parser.Command.declaration
938735	938812	false	Lean.Parser.Command.declaration
938813	938898	false	Lean.Parser.Command.declaration
938899	938984	false	Lean.Parser.Command.declaration
938985	939062	false	Lean.Parser.Command.declaration
939063	939140	false	Lean.Parser.Command.declaration
939141	939226	false	Lean.Parser.Command.declaration
939227	939312	false	Lean.Parser.Command.declaration
939313	939390	false	Lean.Parser.Command.declaration
939391	939476	false	Lean.Parser.Command.declaration
939477	939562	false	Lean.Parser.Command.declaration
939563	939640	false	Lean.Parser.Command.declaration
939641	939718	false	Lean.Parser.Command.declaration
939719	939796	false	Lean.Parser.Command.declaration
939797	939874	false	Lean.Parser.Command.declaration
939875	939960	false	Lean.Parser.Command.declaration
939961	940042	false	Lean.Parser.Command.declaration
940043	940128	false	Lean.Parser.Command.declaration
940129	940214	false	Lean.Parser.Command.declaration
940215	940292	false	Lean.Parser.Command.declaration
940293	940370	false	Lean.Parser.Command.declaration
940371	940456	false	Lean.Parser.Command.declaration
940457	940542	false	Lean.Parser.Command.declaration
940543	940620	false	Lean.Parser.Command.declaration
940621	940706	false	Lean.Parser.Command.declaration
940707	940792	false	Lean.Parser.Command.declaration
940793	940870	false	Lean.Parser.Command.declaration
940871	940948	false	Lean.Parser.Command.declaration
940949	941026	false	Lean.Parser.Command.declaration
941027	941112	false	Lean.Parser.Command.declaration
941113	941198	false	Lean.Parser.Command.declaration
941199	941276	false	Lean.Parser.Command.declaration
941277	941362	false	Lean.Parser.Command.declaration
941363	941448	false	Lean.Parser.Command.declaration
941449	941526	false	Lean.Parser.Command.declaration
941527	941604	false	Lean.Parser.Command.declaration
941605	941690	false	Lean.Parser.Command.declaration
941691	941776	false	Lean.Parser.Command.declaration
941777	941854	false	Lean.Parser.Command.declaration
941855	941940	false	Lean.Parser.Command.declaration
941941	942026	false	Lean.Parser.Command.declaration
942027	942104	false	Lean.Parser.Command.declaration
942105	942182	false	Lean.Parser.Command.declaration
942183	942260	false	Lean.Parser.Command.declaration
942261	942338	false	Lean.Parser.Command.declaration
942339	942416	false	Lean.Parser.Command.declaration
942417	942494	false	Lean.Parser.Command.declaration
942495	942572	false	Lean.Parser.Command.declaration
942573	942646	false	Lean.Parser.Command.declaration
942647	942687	false	Lean.Parser.Command.declaration
942688	942749	true	Lean.Parser.Command.declaration
942750	942841	true	Lean.Parser.Command.declaration
942842	942934	true	Lean.Parser.Command.declaration
942935	943027	true	Lean.Parser.Command.declaration
943028	943120	true	Lean.Parser.Command.declaration
943121	943214	true	Lean.Parser.Command.declaration
943215	943308	true	Lean.Parser.Command.declaration
943309	943402	true	Lean.Parser.Command.declaration
943403	943496	true	Lean.Parser.Command.declaration
943497	943590	true	Lean.Parser.Command.declaration
943591	943684	true	Lean.Parser.Command.declaration
943685	943779	true	Lean.Parser.Command.declaration
943780	943874	true	Lean.Parser.Command.declaration
943875	944258	true	Lean.Parser.Command.declaration
944259	944334	true	Lean.Parser.Command.declaration
944335	944408	false	Lean.Parser.Command.declaration
944409	944474	true	Lean.Parser.Command.declaration
944475	944585	false	Lean.Parser.Command.declaration
944586	944651	true	Lean.Parser.Command.declaration
944652	945021	false	Lean.Parser.Command.declaration
945022	945087	true	Lean.Parser.Command.declaration
945088	945642	false	Lean.Parser.Command.declaration
945643	945708	true	Lean.Parser.Command.declaration
945709	946744	false	Lean.Parser.Command.declaration
946745	946810	true	Lean.Parser.Command.declaration
946811	948660	false	Lean.Parser.Command.declaration
948661	948726	true	Lean.Parser.Command.declaration
948727	949947	false	Lean.Parser.Command.declaration
949948	950013	true	Lean.Parser.Command.declaration
950014	950864	false	Lean.Parser.Command.declaration
950865	950930	true	Lean.Parser.Command.declaration
950931	951226	false	Lean.Parser.Command.declaration
951227	951292	true	Lean.Parser.Command.declaration
951293	951366	false	Lean.Parser.Command.declaration
951367	951432	true	Lean.Parser.Command.declaration
951433	951506	false	Lean.Parser.Command.declaration
951507	951572	true	Lean.Parser.Command.declaration
951573	951683	false	Lean.Parser.Command.declaration
951684	951749	true	Lean.Parser.Command.declaration
951750	951897	false	Lean.Parser.Command.declaration
951898	951963	true	Lean.Parser.Command.declaration
951964	952148	false	Lean.Parser.Command.declaration
952149	952214	true	Lean.Parser.Command.declaration
952215	952399	false	Lean.Parser.Command.declaration
952400	952465	true	Lean.Parser.Command.declaration
952466	952761	false	Lean.Parser.Command.declaration
952762	952827	true	Lean.Parser.Command.declaration
952828	953752	false	Lean.Parser.Command.declaration
953753	953818	true	Lean.Parser.Command.declaration
953819	955261	false	Lean.Parser.Command.declaration
955262	955327	true	Lean.Parser.Command.declaration
955328	956807	false	Lean.Parser.Command.declaration
956808	956873	true	Lean.Parser.Command.declaration
956874	958131	false	Lean.Parser.Command.declaration
958132	958197	true	Lean.Parser.Command.declaration
958198	959751	false	Lean.Parser.Command.declaration
959752	959817	true	Lean.Parser.Command.declaration
959818	960705	false	Lean.Parser.Command.declaration
960706	960771	true	Lean.Parser.Command.declaration
960772	961067	false	Lean.Parser.Command.declaration
961068	961133	true	Lean.Parser.Command.declaration
961134	961281	false	Lean.Parser.Command.declaration
961282	961347	true	Lean.Parser.Command.declaration
961348	961495	false	Lean.Parser.Command.declaration
961496	961561	true	Lean.Parser.Command.declaration
961562	961709	false	Lean.Parser.Command.declaration
961710	961775	true	Lean.Parser.Command.declaration
961776	961849	false	Lean.Parser.Command.declaration
961850	961915	true	Lean.Parser.Command.declaration
961916	962026	false	Lean.Parser.Command.declaration
962027	962092	true	Lean.Parser.Command.declaration
962093	962425	false	Lean.Parser.Command.declaration
962426	962491	true	Lean.Parser.Command.declaration
962492	963231	false	Lean.Parser.Command.declaration
963232	963297	true	Lean.Parser.Command.declaration
963298	964222	false	Lean.Parser.Command.declaration
964223	964288	true	Lean.Parser.Command.declaration
964289	965583	false	Lean.Parser.Command.declaration
965584	965649	true	Lean.Parser.Command.declaration
965650	966944	false	Lean.Parser.Command.declaration
966945	967010	true	Lean.Parser.Command.declaration
967011	968314	false	Lean.Parser.Command.declaration
968315	968380	true	Lean.Parser.Command.declaration
968381	969557	false	Lean.Parser.Command.declaration
969558	969623	true	Lean.Parser.Command.declaration
969624	970572	false	Lean.Parser.Command.declaration
970573	970638	true	Lean.Parser.Command.declaration
970639	971094	false	Lean.Parser.Command.declaration
971095	971162	true	Lean.Parser.Command.declaration
971163	971314	false	Lean.Parser.Command.declaration
971315	971382	true	Lean.Parser.Command.declaration
971383	971534	false	Lean.Parser.Command.declaration
971535	971602	true	Lean.Parser.Command.declaration
971603	971716	false	Lean.Parser.Command.declaration
971717	971784	true	Lean.Parser.Command.declaration
971785	971974	false	Lean.Parser.Command.declaration
971975	972042	true	Lean.Parser.Command.declaration
972043	972346	false	Lean.Parser.Command.declaration
972347	972414	true	Lean.Parser.Command.declaration
972415	972832	false	Lean.Parser.Command.declaration
972833	972900	true	Lean.Parser.Command.declaration
972901	974116	false	Lean.Parser.Command.declaration
974117	974184	true	Lean.Parser.Command.declaration
974185	975476	false	Lean.Parser.Command.declaration
975477	975544	true	Lean.Parser.Command.declaration
975545	976912	false	Lean.Parser.Command.declaration
976913	976980	true	Lean.Parser.Command.declaration
976981	978272	false	Lean.Parser.Command.declaration
978273	978340	true	Lean.Parser.Command.declaration
978341	979746	false	Lean.Parser.Command.declaration
979747	979814	true	Lean.Parser.Command.declaration
979815	980460	false	Lean.Parser.Command.declaration
980461	980528	true	Lean.Parser.Command.declaration
980529	980832	false	Lean.Parser.Command.declaration
980833	980900	true	Lean.Parser.Command.declaration
980901	981090	false	Lean.Parser.Command.declaration
981091	981158	true	Lean.Parser.Command.declaration
981159	981272	false	Lean.Parser.Command.declaration
981273	981340	true	Lean.Parser.Command.declaration
981341	981416	false	Lean.Parser.Command.declaration
981417	981484	true	Lean.Parser.Command.declaration
981485	981598	false	Lean.Parser.Command.declaration
981599	981666	true	Lean.Parser.Command.declaration
981667	981856	false	Lean.Parser.Command.declaration
981857	981924	true	Lean.Parser.Command.declaration
981925	982228	false	Lean.Parser.Command.declaration
982229	982296	true	Lean.Parser.Command.declaration
982297	982828	false	Lean.Parser.Command.declaration
982829	982896	true	Lean.Parser.Command.declaration
982897	983922	false	Lean.Parser.Command.declaration
983923	983990	true	Lean.Parser.Command.declaration
983991	985244	false	Lean.Parser.Command.declaration
985245	985312	true	Lean.Parser.Command.declaration
985313	986604	false	Lean.Parser.Command.declaration
986605	986672	true	Lean.Parser.Command.declaration
986673	987926	false	Lean.Parser.Command.declaration
987927	987994	true	Lean.Parser.Command.declaration
987995	989248	false	Lean.Parser.Command.declaration
989249	989316	true	Lean.Parser.Command.declaration
989317	990114	false	Lean.Parser.Command.declaration
990115	990182	true	Lean.Parser.Command.declaration
990183	990410	false	Lean.Parser.Command.declaration
990411	990478	true	Lean.Parser.Command.declaration
990479	990668	false	Lean.Parser.Command.declaration
990669	990736	true	Lean.Parser.Command.declaration
990737	990850	false	Lean.Parser.Command.declaration
990851	990918	true	Lean.Parser.Command.declaration
990919	991070	false	Lean.Parser.Command.declaration
991071	991138	true	Lean.Parser.Command.declaration
991139	991328	false	Lean.Parser.Command.declaration
991329	991396	true	Lean.Parser.Command.declaration
991397	991700	false	Lean.Parser.Command.declaration
991701	991768	true	Lean.Parser.Command.declaration
991769	992224	false	Lean.Parser.Command.declaration
992225	992292	true	Lean.Parser.Command.declaration
992293	993128	false	Lean.Parser.Command.declaration
993129	993196	true	Lean.Parser.Command.declaration
993197	994146	false	Lean.Parser.Command.declaration
994147	994214	true	Lean.Parser.Command.declaration
994215	995354	false	Lean.Parser.Command.declaration
995355	995422	true	Lean.Parser.Command.declaration
995423	996752	false	Lean.Parser.Command.declaration
996753	996820	true	Lean.Parser.Command.declaration
996821	997808	false	Lean.Parser.Command.declaration
997809	997876	true	Lean.Parser.Command.declaration
997877	998560	false	Lean.Parser.Command.declaration
998561	998628	true	Lean.Parser.Command.declaration
998629	998856	false	Lean.Parser.Command.declaration
998857	998924	true	Lean.Parser.Command.declaration
998925	999114	false	Lean.Parser.Command.declaration
999115	999182	true	Lean.Parser.Command.declaration
999183	999258	false	Lean.Parser.Command.declaration
999259	999326	true	Lean.Parser.Command.declaration
999327	999402	false	Lean.Parser.Command.declaration
999403	999470	true	Lean.Parser.Command.declaration
999471	999622	false	Lean.Parser.Command.declaration
999623	999690	true	Lean.Parser.Command.declaration
999691	999842	false	Lean.Parser.Command.declaration
999843	999910	true	Lean.Parser.Command.declaration
999911	1000138	false	Lean.Parser.Command.declaration
1000139	1000206	true	Lean.Parser.Command.declaration
1000207	1000472	false	Lean.Parser.Command.declaration
1000473	1000540	true	Lean.Parser.Command.declaration
1000541	1001110	false	Lean.Parser.Command.declaration
1001111	1001178	true	Lean.Parser.Command.declaration
1001179	1002204	false	Lean.Parser.Command.declaration
1002205	1002272	true	Lean.Parser.Command.declaration
1002273	1003374	false	Lean.Parser.Command.declaration
1003375	1003442	true	Lean.Parser.Command.declaration
1003443	1004544	false	Lean.Parser.Command.declaration
1004545	1004612	true	Lean.Parser.Command.declaration
1004613	1005866	false	Lean.Parser.Command.declaration
1005867	1005934	true	Lean.Parser.Command.declaration
1005935	1006884	false	Lean.Parser.Command.declaration
1006885	1006952	true	Lean.Parser.Command.declaration
1006953	1007484	false	Lean.Parser.Command.declaration
1007485	1007552	true	Lean.Parser.Command.declaration
1007553	1007742	false	Lean.Parser.Command.declaration
1007743	1007810	true	Lean.Parser.Command.declaration
1007811	1008000	false	Lean.Parser.Command.declaration
1008001	1008068	true	Lean.Parser.Command.declaration
1008069	1008144	false	Lean.Parser.Command.declaration
1008145	1008212	true	Lean.Parser.Command.declaration
1008213	1008288	false	Lean.Parser.Command.declaration
1008289	1008356	true	Lean.Parser.Command.declaration
1008357	1008432	false	Lean.Parser.Command.declaration
1008433	1008500	true	Lean.Parser.Command.declaration
1008501	1008690	false	Lean.Parser.Command.declaration
1008691	1008758	true	Lean.Parser.Command.declaration
1008759	1008948	false	Lean.Parser.Command.declaration
1008949	1009016	true	Lean.Parser.Command.declaration
1009017	1009320	false	Lean.Parser.Command.declaration
1009321	1009388	true	Lean.Parser.Command.declaration
1009389	1009882	false	Lean.Parser.Command.declaration
1009883	1009950	true	Lean.Parser.Command.declaration
1009951	1010824	false	Lean.Parser.Command.declaration
1010825	1010892	true	Lean.Parser.Command.declaration
1010893	1011652	false	Lean.Parser.Command.declaration
1011653	1011720	true	Lean.Parser.Command.declaration
1011721	1013012	false	Lean.Parser.Command.declaration
1013013	1013080	true	Lean.Parser.Command.declaration
1013081	1014334	false	Lean.Parser.Command.declaration
1014335	1014402	true	Lean.Parser.Command.declaration
1014403	1015428	false	Lean.Parser.Command.declaration
1015429	1015496	true	Lean.Parser.Command.declaration
1015497	1016104	false	Lean.Parser.Command.declaration
1016105	1016172	true	Lean.Parser.Command.declaration
1016173	1016438	false	Lean.Parser.Command.declaration
1016439	1016506	true	Lean.Parser.Command.declaration
1016507	1016810	false	Lean.Parser.Command.declaration
1016811	1016878	true	Lean.Parser.Command.declaration
1016879	1016992	false	Lean.Parser.Command.declaration
1016993	1017060	true	Lean.Parser.Command.declaration
1017061	1017136	false	Lean.Parser.Command.declaration
1017137	1017204	true	Lean.Parser.Command.declaration
1017205	1017394	false	Lean.Parser.Command.declaration
1017395	1017462	true	Lean.Parser.Command.declaration
1017463	1017690	false	Lean.Parser.Command.declaration
1017691	1017758	true	Lean.Parser.Command.declaration
1017759	1017986	false	Lean.Parser.Command.declaration
1017987	1018054	true	Lean.Parser.Command.declaration
1018055	1018548	false	Lean.Parser.Command.declaration
1018549	1018616	true	Lean.Parser.Command.declaration
1018617	1019186	false	Lean.Parser.Command.declaration
1019187	1019254	true	Lean.Parser.Command.declaration
1019255	1020242	false	Lean.Parser.Command.declaration
1020243	1020310	true	Lean.Parser.Command.declaration
1020311	1021222	false	Lean.Parser.Command.declaration
1021223	1021290	true	Lean.Parser.Command.declaration
1021291	1022506	false	Lean.Parser.Command.declaration
1022507	1022574	true	Lean.Parser.Command.declaration
1022575	1023562	false	Lean.Parser.Command.declaration
1023563	1023630	true	Lean.Parser.Command.declaration
1023631	1024010	false	Lean.Parser.Command.declaration
1024011	1024078	true	Lean.Parser.Command.declaration
1024079	1024268	false	Lean.Parser.Command.declaration
1024269	1024336	true	Lean.Parser.Command.declaration
1024337	1024564	false	Lean.Parser.Command.declaration
1024565	1024632	true	Lean.Parser.Command.declaration
1024633	1024746	false	Lean.Parser.Command.declaration
1024747	1024814	true	Lean.Parser.Command.declaration
1024815	1024890	false	Lean.Parser.Command.declaration
1024891	1024958	true	Lean.Parser.Command.declaration
1024959	1025110	false	Lean.Parser.Command.declaration
1025111	1025178	true	Lean.Parser.Command.declaration
1025179	1025368	false	Lean.Parser.Command.declaration
1025369	1025436	true	Lean.Parser.Command.declaration
1025437	1025778	false	Lean.Parser.Command.declaration
1025779	1025846	true	Lean.Parser.Command.declaration
1025847	1026150	false	Lean.Parser.Command.declaration
1026151	1026218	true	Lean.Parser.Command.declaration
1026219	1026826	false	Lean.Parser.Command.declaration
1026827	1026894	true	Lean.Parser.Command.declaration
1026895	1027578	false	Lean.Parser.Command.declaration
1027579	1027646	true	Lean.Parser.Command.declaration
1027647	1028558	false	Lean.Parser.Command.declaration
1028559	1028626	true	Lean.Parser.Command.declaration
1028627	1029310	false	Lean.Parser.Command.declaration
1029311	1029378	true	Lean.Parser.Command.declaration
1029379	1030138	false	Lean.Parser.Command.declaration
1030139	1030206	true	Lean.Parser.Command.declaration
1030207	1030548	false	Lean.Parser.Command.declaration
1030549	1030616	true	Lean.Parser.Command.declaration
1030617	1030844	false	Lean.Parser.Command.declaration
1030845	1030912	true	Lean.Parser.Command.declaration
1030913	1031102	false	Lean.Parser.Command.declaration
1031103	1031170	true	Lean.Parser.Command.declaration
1031171	1031246	false	Lean.Parser.Command.declaration
1031247	1031314	true	Lean.Parser.Command.declaration
1031315	1031504	false	Lean.Parser.Command.declaration
1031505	1031572	true	Lean.Parser.Command.declaration
1031573	1031838	false	Lean.Parser.Command.declaration
1031839	1031906	true	Lean.Parser.Command.declaration
1031907	1032210	false	Lean.Parser.Command.declaration
1032211	1032278	true	Lean.Parser.Command.declaration
1032279	1032696	false	Lean.Parser.Command.declaration
1032697	1032764	true	Lean.Parser.Command.declaration
1032765	1033106	false	Lean.Parser.Command.declaration
1033107	1033174	true	Lean.Parser.Command.declaration
1033175	1033858	false	Lean.Parser.Command.declaration
1033859	1033926	true	Lean.Parser.Command.declaration
1033927	1034534	false	Lean.Parser.Command.declaration
1034535	1034602	true	Lean.Parser.Command.declaration
1034603	1035172	false	Lean.Parser.Command.declaration
1035173	1035240	true	Lean.Parser.Command.declaration
1035241	1035620	false	Lean.Parser.Command.declaration
1035621	1035688	true	Lean.Parser.Command.declaration
1035689	1035916	false	Lean.Parser.Command.declaration
1035917	1035984	true	Lean.Parser.Command.declaration
1035985	1036136	false	Lean.Parser.Command.declaration
1036137	1036204	true	Lean.Parser.Command.declaration
1036205	1036280	false	Lean.Parser.Command.declaration
1036281	1036348	true	Lean.Parser.Command.declaration
1036349	1036424	false	Lean.Parser.Command.declaration
1036425	1036492	true	Lean.Parser.Command.declaration
1036493	1036568	false	Lean.Parser.Command.declaration
1036569	1036636	true	Lean.Parser.Command.declaration
1036637	1036712	false	Lean.Parser.Command.declaration
1036713	1036780	true	Lean.Parser.Command.declaration
1036781	1036970	false	Lean.Parser.Command.declaration
1036971	1037038	true	Lean.Parser.Command.declaration
1037039	1037266	false	Lean.Parser.Command.declaration
1037267	1037334	true	Lean.Parser.Command.declaration
1037335	1037600	false	Lean.Parser.Command.declaration
1037601	1037668	true	Lean.Parser.Command.declaration
1037669	1038162	false	Lean.Parser.Command.declaration
1038163	1038230	true	Lean.Parser.Command.declaration
1038231	1038838	false	Lean.Parser.Command.declaration
1038839	1038906	true	Lean.Parser.Command.declaration
1038907	1039324	false	Lean.Parser.Command.declaration
1039325	1039392	true	Lean.Parser.Command.declaration
1039393	1039772	false	Lean.Parser.Command.declaration
1039773	1039840	true	Lean.Parser.Command.declaration
1039841	1040068	false	Lean.Parser.Command.declaration
1040069	1040136	true	Lean.Parser.Command.declaration
1040137	1040364	false	Lean.Parser.Command.declaration
1040365	1040432	true	Lean.Parser.Command.declaration
1040433	1040546	false	Lean.Parser.Command.declaration
1040547	1040614	true	Lean.Parser.Command.declaration
1040615	1040728	false	Lean.Parser.Command.declaration
1040729	1040796	true	Lean.Parser.Command.declaration
1040797	1040910	false	Lean.Parser.Command.declaration
1040911	1040978	true	Lean.Parser.Command.declaration
1040979	1041054	false	Lean.Parser.Command.declaration
1041055	1041122	true	Lean.Parser.Command.declaration
1041123	1041236	false	Lean.Parser.Command.declaration
1041237	1041304	true	Lean.Parser.Command.declaration
1041305	1041494	false	Lean.Parser.Command.declaration
1041495	1041562	true	Lean.Parser.Command.declaration
1041563	1041752	false	Lean.Parser.Command.declaration
1041753	1041820	true	Lean.Parser.Command.declaration
1041821	1042162	false	Lean.Parser.Command.declaration
1042163	1042230	true	Lean.Parser.Command.declaration
1042231	1042610	false	Lean.Parser.Command.declaration
1042611	1042678	true	Lean.Parser.Command.declaration
1042679	1042906	false	Lean.Parser.Command.declaration
1042907	1042974	true	Lean.Parser.Command.declaration
1042975	1043202	false	Lean.Parser.Command.declaration
1043203	1043270	true	Lean.Parser.Command.declaration
1043271	1043460	false	Lean.Parser.Command.declaration
1043461	1043528	true	Lean.Parser.Command.declaration
1043529	1043718	false	Lean.Parser.Command.declaration
1043719	1043786	true	Lean.Parser.Command.declaration
1043787	1043862	false	Lean.Parser.Command.declaration
1043863	1043930	true	Lean.Parser.Command.declaration
1043931	1044044	false	Lean.Parser.Command.declaration
1044045	1044112	true	Lean.Parser.Command.declaration
1044113	1044188	false	Lean.Parser.Command.declaration
1044189	1044256	true	Lean.Parser.Command.declaration
1044257	1044332	false	Lean.Parser.Command.declaration
1044333	1044400	true	Lean.Parser.Command.declaration
1044401	1044590	false	Lean.Parser.Command.declaration
1044591	1044658	true	Lean.Parser.Command.declaration
1044659	1044848	false	Lean.Parser.Command.declaration
1044849	1044916	true	Lean.Parser.Command.declaration
1044917	1045106	false	Lean.Parser.Command.declaration
1045107	1045174	true	Lean.Parser.Command.declaration
1045175	1045364	false	Lean.Parser.Command.declaration
1045365	1045432	true	Lean.Parser.Command.declaration
1045433	1045584	false	Lean.Parser.Command.declaration
1045585	1045652	true	Lean.Parser.Command.declaration
1045653	1045766	false	Lean.Parser.Command.declaration
1045767	1045834	true	Lean.Parser.Command.declaration
1045835	1045910	false	Lean.Parser.Command.declaration
1045911	1045978	true	Lean.Parser.Command.declaration
1045979	1046054	false	Lean.Parser.Command.declaration
1046055	1046122	true	Lean.Parser.Command.declaration
1046123	1046236	false	Lean.Parser.Command.declaration
1046237	1046304	true	Lean.Parser.Command.declaration
1046305	1046532	false	Lean.Parser.Command.declaration
1046533	1046600	true	Lean.Parser.Command.declaration
1046601	1046752	false	Lean.Parser.Command.declaration
1046753	1046820	true	Lean.Parser.Command.declaration
1046821	1047048	false	Lean.Parser.Command.declaration
1047049	1047116	true	Lean.Parser.Command.declaration
1047117	1047268	false	Lean.Parser.Command.declaration
1047269	1047336	true	Lean.Parser.Command.declaration
1047337	1047412	false	Lean.Parser.Command.declaration
1047413	1047480	true	Lean.Parser.Command.declaration
1047481	1047624	false	Lean.Parser.Command.declaration
1047625	1047727	true	Lean.Parser.Command.declaration
1047728	1047840	false	Lean.Parser.Command.declaration
1047841	1047934	true	Lean.Parser.Command.declaration
1047935	1048078	false	Lean.Parser.Command.declaration
1048079	1048181	true	Lean.Parser.Command.declaration
1048182	1048294	false	Lean.Parser.Command.declaration
1048295	1048388	true	Lean.Parser.Command.declaration
1048389	1048470	false	Lean.Parser.Command.declaration
1048471	1048555	true	Lean.Parser.Command.declaration
1048556	1048699	false	Lean.Parser.Command.declaration
1048700	1048802	true	Lean.Parser.Command.declaration
1048803	1048915	false	Lean.Parser.Command.declaration
1048916	1049009	true	Lean.Parser.Command.declaration
1049010	1049155	false	Lean.Parser.Command.declaration
1049156	1049262	true	Lean.Parser.Command.declaration
1049263	1049378	false	Lean.Parser.Command.declaration
1049379	1049476	true	Lean.Parser.Command.declaration
1049477	1049560	false	Lean.Parser.Command.declaration
1049561	1049648	true	Lean.Parser.Command.declaration
1049649	1049732	false	Lean.Parser.Command.declaration
1049733	1049820	true	Lean.Parser.Command.declaration
1049821	1049966	false	Lean.Parser.Command.declaration
1049967	1050073	true	Lean.Parser.Command.declaration
1050074	1050190	false	Lean.Parser.Command.declaration
1050191	1050290	true	Lean.Parser.Command.declaration
1050291	1050436	false	Lean.Parser.Command.declaration
1050437	1050543	true	Lean.Parser.Command.declaration
1050544	1050660	false	Lean.Parser.Command.declaration
1050661	1050760	true	Lean.Parser.Command.declaration
1050761	1050848	false	Lean.Parser.Command.declaration
1050849	1050941	true	Lean.Parser.Command.declaration
1050942	1051087	false	Lean.Parser.Command.declaration
1051088	1051194	true	Lean.Parser.Command.declaration
1051195	1051311	false	Lean.Parser.Command.declaration
1051312	1051411	true	Lean.Parser.Command.declaration
1051412	1051557	false	Lean.Parser.Command.declaration
1051558	1051664	true	Lean.Parser.Command.declaration
1051665	1051781	false	Lean.Parser.Command.declaration
1051782	1051881	true	Lean.Parser.Command.declaration
1051882	1051969	false	Lean.Parser.Command.declaration
1051970	1052062	true	Lean.Parser.Command.declaration
1052063	1052150	false	Lean.Parser.Command.declaration
1052151	1052243	true	Lean.Parser.Command.declaration
1052244	1052329	false	Lean.Parser.Command.declaration
1052330	1052419	true	Lean.Parser.Command.declaration
1052420	1052565	false	Lean.Parser.Command.declaration
1052566	1052672	true	Lean.Parser.Command.declaration
1052673	1052789	false	Lean.Parser.Command.declaration
1052790	1052889	true	Lean.Parser.Command.declaration
1052890	1053035	false	Lean.Parser.Command.declaration
1053036	1053142	true	Lean.Parser.Command.declaration
1053143	1053259	false	Lean.Parser.Command.declaration
1053260	1053359	true	Lean.Parser.Command.declaration
1053360	1053447	false	Lean.Parser.Command.declaration
1053448	1053540	true	Lean.Parser.Command.declaration
1053541	1053686	false	Lean.Parser.Command.declaration
1053687	1053793	true	Lean.Parser.Command.declaration
1053794	1053910	false	Lean.Parser.Command.declaration
1053911	1054010	true	Lean.Parser.Command.declaration
1054011	1054156	false	Lean.Parser.Command.declaration
1054157	1054263	true	Lean.Parser.Command.declaration
1054264	1054380	false	Lean.Parser.Command.declaration
1054381	1054480	true	Lean.Parser.Command.declaration
1054481	1054568	false	Lean.Parser.Command.declaration
1054569	1054661	true	Lean.Parser.Command.declaration
1054662	1054749	false	Lean.Parser.Command.declaration
1054750	1054842	true	Lean.Parser.Command.declaration
1054843	1054993	false	Lean.Parser.Command.declaration
1054994	1055102	true	Lean.Parser.Command.declaration
1055103	1055222	false	Lean.Parser.Command.declaration
1055223	1055323	true	Lean.Parser.Command.declaration
1055324	1055474	false	Lean.Parser.Command.declaration
1055475	1055583	true	Lean.Parser.Command.declaration
1055584	1055703	false	Lean.Parser.Command.declaration
1055704	1055804	true	Lean.Parser.Command.declaration
1055805	1055893	false	Lean.Parser.Command.declaration
1055894	1055986	true	Lean.Parser.Command.declaration
1055987	1056137	false	Lean.Parser.Command.declaration
1056138	1056246	true	Lean.Parser.Command.declaration
1056247	1056366	false	Lean.Parser.Command.declaration
1056367	1056467	true	Lean.Parser.Command.declaration
1056468	1056618	false	Lean.Parser.Command.declaration
1056619	1056727	true	Lean.Parser.Command.declaration
1056728	1056847	false	Lean.Parser.Command.declaration
1056848	1056948	true	Lean.Parser.Command.declaration
1056949	1057037	false	Lean.Parser.Command.declaration
1057038	1057130	true	Lean.Parser.Command.declaration
1057131	1057219	false	Lean.Parser.Command.declaration
1057220	1057312	true	Lean.Parser.Command.declaration
1057313	1057401	false	Lean.Parser.Command.declaration
1057402	1057494	true	Lean.Parser.Command.declaration
1057495	1057580	false	Lean.Parser.Command.declaration
1057581	1057670	true	Lean.Parser.Command.declaration
1057671	1057821	false	Lean.Parser.Command.declaration
1057822	1057930	true	Lean.Parser.Command.declaration
1057931	1058050	false	Lean.Parser.Command.declaration
1058051	1058151	true	Lean.Parser.Command.declaration
1058152	1058302	false	Lean.Parser.Command.declaration
1058303	1058411	true	Lean.Parser.Command.declaration
1058412	1058531	false	Lean.Parser.Command.declaration
1058532	1058632	true	Lean.Parser.Command.declaration
1058633	1058721	false	Lean.Parser.Command.declaration
1058722	1058814	true	Lean.Parser.Command.declaration
1058815	1058965	false	Lean.Parser.Command.declaration
1058966	1059074	true	Lean.Parser.Command.declaration
1059075	1059194	false	Lean.Parser.Command.declaration
1059195	1059295	true	Lean.Parser.Command.declaration
1059296	1059446	false	Lean.Parser.Command.declaration
1059447	1059555	true	Lean.Parser.Command.declaration
1059556	1059675	false	Lean.Parser.Command.declaration
1059676	1059776	true	Lean.Parser.Command.declaration
1059777	1059865	false	Lean.Parser.Command.declaration
1059866	1059958	true	Lean.Parser.Command.declaration
1059959	1060047	false	Lean.Parser.Command.declaration
1060048	1060140	true	Lean.Parser.Command.declaration
1060141	1060291	false	Lean.Parser.Command.declaration
1060292	1060400	true	Lean.Parser.Command.declaration
1060401	1060520	false	Lean.Parser.Command.declaration
1060521	1060621	true	Lean.Parser.Command.declaration
1060622	1060772	false	Lean.Parser.Command.declaration
1060773	1060881	true	Lean.Parser.Command.declaration
1060882	1061001	false	Lean.Parser.Command.declaration
1061002	1061102	true	Lean.Parser.Command.declaration
1061103	1061191	false	Lean.Parser.Command.declaration
1061192	1061284	true	Lean.Parser.Command.declaration
1061285	1061435	false	Lean.Parser.Command.declaration
1061436	1061544	true	Lean.Parser.Command.declaration
1061545	1061664	false	Lean.Parser.Command.declaration
1061665	1061765	true	Lean.Parser.Command.declaration
1061766	1061916	false	Lean.Parser.Command.declaration
1061917	1062025	true	Lean.Parser.Command.declaration
1062026	1062145	false	Lean.Parser.Command.declaration
1062146	1062246	true	Lean.Parser.Command.declaration
1062247	1062335	false	Lean.Parser.Command.declaration
1062336	1062428	true	Lean.Parser.Command.declaration
1062429	1062517	false	Lean.Parser.Command.declaration
1062518	1062610	true	Lean.Parser.Command.declaration
1062611	1062699	false	Lean.Parser.Command.declaration
1062700	1062792	true	Lean.Parser.Command.declaration
1062793	1062943	false	Lean.Parser.Command.declaration
1062944	1063052	true	Lean.Parser.Command.declaration
1063053	1063172	false	Lean.Parser.Command.declaration
1063173	1063273	true	Lean.Parser.Command.declaration
1063274	1063424	false	Lean.Parser.Command.declaration
1063425	1063533	true	Lean.Parser.Command.declaration
1063534	1063653	false	Lean.Parser.Command.declaration
1063654	1063754	true	Lean.Parser.Command.declaration
1063755	1063843	false	Lean.Parser.Command.declaration
1063844	1063936	true	Lean.Parser.Command.declaration
1063937	1064087	false	Lean.Parser.Command.declaration
1064088	1064196	true	Lean.Parser.Command.declaration
1064197	1064316	false	Lean.Parser.Command.declaration
1064317	1064417	true	Lean.Parser.Command.declaration
1064418	1064568	false	Lean.Parser.Command.declaration
1064569	1064677	true	Lean.Parser.Command.declaration
1064678	1064797	false	Lean.Parser.Command.declaration
1064798	1064898	true	Lean.Parser.Command.declaration
1064899	1064987	false	Lean.Parser.Command.declaration
1064988	1065080	true	Lean.Parser.Command.declaration
1065081	1065169	false	Lean.Parser.Command.declaration
1065170	1065262	true	Lean.Parser.Command.declaration
1065263	1065413	false	Lean.Parser.Command.declaration
1065414	1065522	true	Lean.Parser.Command.declaration
1065523	1065642	false	Lean.Parser.Command.declaration
1065643	1065743	true	Lean.Parser.Command.declaration
1065744	1065894	false	Lean.Parser.Command.declaration
1065895	1066003	true	Lean.Parser.Command.declaration
1066004	1066123	false	Lean.Parser.Command.declaration
1066124	1066224	true	Lean.Parser.Command.declaration
1066225	1066313	false	Lean.Parser.Command.declaration
1066314	1066406	true	Lean.Parser.Command.declaration
1066407	1066557	false	Lean.Parser.Command.declaration
1066558	1066666	true	Lean.Parser.Command.declaration
1066667	1066786	false	Lean.Parser.Command.declaration
1066787	1066887	true	Lean.Parser.Command.declaration
1066888	1067038	false	Lean.Parser.Command.declaration
1067039	1067147	true	Lean.Parser.Command.declaration
1067148	1067267	false	Lean.Parser.Command.declaration
1067268	1067368	true	Lean.Parser.Command.declaration
1067369	1067457	false	Lean.Parser.Command.declaration
1067458	1067550	true	Lean.Parser.Command.declaration
1067551	1067639	false	Lean.Parser.Command.declaration
1067640	1067732	true	Lean.Parser.Command.declaration
1067733	1067821	false	Lean.Parser.Command.declaration
1067822	1067914	true	Lean.Parser.Command.declaration
1067915	1068003	false	Lean.Parser.Command.declaration
1068004	1068096	true	Lean.Parser.Command.declaration
1068097	1068183	false	Lean.Parser.Command.declaration
1068184	1068273	true	Lean.Parser.Command.declaration
1068274	1068424	false	Lean.Parser.Command.declaration
1068425	1068533	true	Lean.Parser.Command.declaration
1068534	1068653	false	Lean.Parser.Command.declaration
1068654	1068754	true	Lean.Parser.Command.declaration
1068755	1068907	false	Lean.Parser.Command.declaration
1068908	1069020	true	Lean.Parser.Command.declaration
1069021	1069143	false	Lean.Parser.Command.declaration
1069144	1069248	true	Lean.Parser.Command.declaration
1069249	1069339	false	Lean.Parser.Command.declaration
1069340	1069435	true	Lean.Parser.Command.declaration
1069436	1069588	false	Lean.Parser.Command.declaration
1069589	1069701	true	Lean.Parser.Command.declaration
1069702	1069825	false	Lean.Parser.Command.declaration
1069826	1069932	true	Lean.Parser.Command.declaration
1069933	1070085	false	Lean.Parser.Command.declaration
1070086	1070198	true	Lean.Parser.Command.declaration
1070199	1070322	false	Lean.Parser.Command.declaration
1070323	1070429	true	Lean.Parser.Command.declaration
1070430	1070524	false	Lean.Parser.Command.declaration
1070525	1070625	true	Lean.Parser.Command.declaration
1070626	1070718	false	Lean.Parser.Command.declaration
1070719	1070816	true	Lean.Parser.Command.declaration
1070817	1070969	false	Lean.Parser.Command.declaration
1070970	1071082	true	Lean.Parser.Command.declaration
1071083	1071206	false	Lean.Parser.Command.declaration
1071207	1071313	true	Lean.Parser.Command.declaration
1071314	1071466	false	Lean.Parser.Command.declaration
1071467	1071579	true	Lean.Parser.Command.declaration
1071580	1071703	false	Lean.Parser.Command.declaration
1071704	1071810	true	Lean.Parser.Command.declaration
1071811	1071905	false	Lean.Parser.Command.declaration
1071906	1072006	true	Lean.Parser.Command.declaration
1072007	1072159	false	Lean.Parser.Command.declaration
1072160	1072272	true	Lean.Parser.Command.declaration
1072273	1072396	false	Lean.Parser.Command.declaration
1072397	1072503	true	Lean.Parser.Command.declaration
1072504	1072656	false	Lean.Parser.Command.declaration
1072657	1072769	true	Lean.Parser.Command.declaration
1072770	1072893	false	Lean.Parser.Command.declaration
1072894	1073000	true	Lean.Parser.Command.declaration
1073001	1073095	false	Lean.Parser.Command.declaration
1073096	1073196	true	Lean.Parser.Command.declaration
1073197	1073291	false	Lean.Parser.Command.declaration
1073292	1073392	true	Lean.Parser.Command.declaration
1073393	1073485	false	Lean.Parser.Command.declaration
1073486	1073583	true	Lean.Parser.Command.declaration
1073584	1073736	false	Lean.Parser.Command.declaration
1073737	1073849	true	Lean.Parser.Command.declaration
1073850	1073973	false	Lean.Parser.Command.declaration
1073974	1074080	true	Lean.Parser.Command.declaration
1074081	1074233	false	Lean.Parser.Command.declaration
1074234	1074346	true	Lean.Parser.Command.declaration
1074347	1074470	false	Lean.Parser.Command.declaration
1074471	1074577	true	Lean.Parser.Command.declaration
1074578	1074672	false	Lean.Parser.Command.declaration
1074673	1074773	true	Lean.Parser.Command.declaration
1074774	1074926	false	Lean.Parser.Command.declaration
1074927	1075039	true	Lean.Parser.Command.declaration
1075040	1075163	false	Lean.Parser.Command.declaration
1075164	1075270	true	Lean.Parser.Command.declaration
1075271	1075423	false	Lean.Parser.Command.declaration
1075424	1075536	true	Lean.Parser.Command.declaration
1075537	1075660	false	Lean.Parser.Command.declaration
1075661	1075767	true	Lean.Parser.Command.declaration
1075768	1075862	false	Lean.Parser.Command.declaration
1075863	1075963	true	Lean.Parser.Command.declaration
1075964	1076058	false	Lean.Parser.Command.declaration
1076059	1076159	true	Lean.Parser.Command.declaration
1076160	1076312	false	Lean.Parser.Command.declaration
1076313	1076425	true	Lean.Parser.Command.declaration
1076426	1076549	false	Lean.Parser.Command.declaration
1076550	1076656	true	Lean.Parser.Command.declaration
1076657	1076809	false	Lean.Parser.Command.declaration
1076810	1076922	true	Lean.Parser.Command.declaration
1076923	1077046	false	Lean.Parser.Command.declaration
1077047	1077153	true	Lean.Parser.Command.declaration
1077154	1077248	false	Lean.Parser.Command.declaration
1077249	1077349	true	Lean.Parser.Command.declaration
1077350	1077502	false	Lean.Parser.Command.declaration
1077503	1077615	true	Lean.Parser.Command.declaration
1077616	1077739	false	Lean.Parser.Command.declaration
1077740	1077846	true	Lean.Parser.Command.declaration
1077847	1077999	false	Lean.Parser.Command.declaration
1078000	1078112	true	Lean.Parser.Command.declaration
1078113	1078236	false	Lean.Parser.Command.declaration
1078237	1078343	true	Lean.Parser.Command.declaration
1078344	1078438	false	Lean.Parser.Command.declaration
1078439	1078539	true	Lean.Parser.Command.declaration
1078540	1078634	false	Lean.Parser.Command.declaration
1078635	1078735	true	Lean.Parser.Command.declaration
1078736	1078830	false	Lean.Parser.Command.declaration
1078831	1078931	true	Lean.Parser.Command.declaration
1078932	1079024	false	Lean.Parser.Command.declaration
1079025	1079122	true	Lean.Parser.Command.declaration
1079123	1079275	false	Lean.Parser.Command.declaration
1079276	1079388	true	Lean.Parser.Command.declaration
1079389	1079512	false	Lean.Parser.Command.declaration
1079513	1079619	true	Lean.Parser.Command.declaration
1079620	1079772	false	Lean.Parser.Command.declaration
1079773	1079885	true	Lean.Parser.Command.declaration
1079886	1080009	false	Lean.Parser.Command.declaration
1080010	1080116	true	Lean.Parser.Command.declaration
1080117	1080211	false	Lean.Parser.Command.declaration
1080212	1080312	true	Lean.Parser.Command.declaration
1080313	1080465	false	Lean.Parser.Command.declaration
1080466	1080578	true	Lean.Parser.Command.declaration
1080579	1080702	false	Lean.Parser.Command.declaration
1080703	1080809	true	Lean.Parser.Command.declaration
1080810	1080962	false	Lean.Parser.Command.declaration
1080963	1081075	true	Lean.Parser.Command.declaration
1081076	1081199	false	Lean.Parser.Command.declaration
1081200	1081306	true	Lean.Parser.Command.declaration
1081307	1081401	false	Lean.Parser.Command.declaration
1081402	1081502	true	Lean.Parser.Command.declaration
1081503	1081597	false	Lean.Parser.Command.declaration
1081598	1081698	true	Lean.Parser.Command.declaration
1081699	1081851	false	Lean.Parser.Command.declaration
1081852	1081964	true	Lean.Parser.Command.declaration
1081965	1082088	false	Lean.Parser.Command.declaration
1082089	1082195	true	Lean.Parser.Command.declaration
1082196	1082348	false	Lean.Parser.Command.declaration
1082349	1082461	true	Lean.Parser.Command.declaration
1082462	1082585	false	Lean.Parser.Command.declaration
1082586	1082692	true	Lean.Parser.Command.declaration
1082693	1082787	false	Lean.Parser.Command.declaration
1082788	1082888	true	Lean.Parser.Command.declaration
1082889	1083041	false	Lean.Parser.Command.declaration
1083042	1083154	true	Lean.Parser.Command.declaration
1083155	1083278	false	Lean.Parser.Command.declaration
1083279	1083385	true	Lean.Parser.Command.declaration
1083386	1083538	false	Lean.Parser.Command.declaration
1083539	1083651	true	Lean.Parser.Command.declaration
1083652	1083775	false	Lean.Parser.Command.declaration
1083776	1083882	true	Lean.Parser.Command.declaration
1083883	1083977	false	Lean.Parser.Command.declaration
1083978	1084078	true	Lean.Parser.Command.declaration
1084079	1084173	false	Lean.Parser.Command.declaration
1084174	1084274	true	Lean.Parser.Command.declaration
1084275	1084369	false	Lean.Parser.Command.declaration
1084370	1084470	true	Lean.Parser.Command.declaration
1084471	1084623	false	Lean.Parser.Command.declaration
1084624	1084736	true	Lean.Parser.Command.declaration
1084737	1084860	false	Lean.Parser.Command.declaration
1084861	1084967	true	Lean.Parser.Command.declaration
1084968	1085120	false	Lean.Parser.Command.declaration
1085121	1085233	true	Lean.Parser.Command.declaration
1085234	1085357	false	Lean.Parser.Command.declaration
1085358	1085464	true	Lean.Parser.Command.declaration
1085465	1085559	false	Lean.Parser.Command.declaration
1085560	1085660	true	Lean.Parser.Command.declaration
1085661	1085813	false	Lean.Parser.Command.declaration
1085814	1085926	true	Lean.Parser.Command.declaration
1085927	1086050	false	Lean.Parser.Command.declaration
1086051	1086157	true	Lean.Parser.Command.declaration
1086158	1086310	false	Lean.Parser.Command.declaration
1086311	1086423	true	Lean.Parser.Command.declaration
1086424	1086547	false	Lean.Parser.Command.declaration
1086548	1086654	true	Lean.Parser.Command.declaration
1086655	1086749	false	Lean.Parser.Command.declaration
1086750	1086850	true	Lean.Parser.Command.declaration
1086851	1086945	false	Lean.Parser.Command.declaration
1086946	1087046	true	Lean.Parser.Command.declaration
1087047	1087199	false	Lean.Parser.Command.declaration
1087200	1087312	true	Lean.Parser.Command.declaration
1087313	1087436	false	Lean.Parser.Command.declaration
1087437	1087543	true	Lean.Parser.Command.declaration
1087544	1087696	false	Lean.Parser.Command.declaration
1087697	1087809	true	Lean.Parser.Command.declaration
1087810	1087933	false	Lean.Parser.Command.declaration
1087934	1088040	true	Lean.Parser.Command.declaration
1088041	1088135	false	Lean.Parser.Command.declaration
1088136	1088236	true	Lean.Parser.Command.declaration
1088237	1088389	false	Lean.Parser.Command.declaration
1088390	1088502	true	Lean.Parser.Command.declaration
1088503	1088626	false	Lean.Parser.Command.declaration
1088627	1088733	true	Lean.Parser.Command.declaration
1088734	1088886	false	Lean.Parser.Command.declaration
1088887	1088999	true	Lean.Parser.Command.declaration
1089000	1089123	false	Lean.Parser.Command.declaration
1089124	1089230	true	Lean.Parser.Command.declaration
1089231	1089325	false	Lean.Parser.Command.declaration
1089326	1089426	true	Lean.Parser.Command.declaration
1089427	1089521	false	Lean.Parser.Command.declaration
1089522	1089622	true	Lean.Parser.Command.declaration
1089623	1089717	false	Lean.Parser.Command.declaration
1089718	1089818	true	Lean.Parser.Command.declaration
1089819	1089913	false	Lean.Parser.Command.declaration
1089914	1090014	true	Lean.Parser.Command.declaration
1090015	1090107	false	Lean.Parser.Command.declaration
1090108	1090205	true	Lean.Parser.Command.declaration
1090206	1090294	false	Lean.Parser.Command.declaration
1090295	1090387	true	Lean.Parser.Command.declaration
1090388	1090426	false	Lean.Parser.Command.declaration
1090427	1090475	true	Lean.Parser.Command.declaration
1090476	1092824	false	Lean.Parser.Command.declaration
1092825	1092874	true	Lean.Parser.Command.declaration
1092875	1095030	false	Lean.Parser.Command.declaration
1095031	1095124	false	Lean.Parser.Command.declaration
1095125	1097165	false	Lean.Parser.Command.declaration
1097166	1097739	true	Lean.Parser.Command.declaration
1097740	1098328	true	Lean.Parser.Command.declaration
1098329	1099033	true	Lean.Parser.Command.declaration
1099034	1103435	false	Lean.Parser.Command.declaration
1103436	1104011	true	Lean.Parser.Command.declaration
1104012	1104602	true	Lean.Parser.Command.declaration
1104603	1105308	true	Lean.Parser.Command.declaration
1105309	1115169	false	Lean.Parser.Command.declaration
1115170	1115745	true	Lean.Parser.Command.declaration
1115746	1116336	true	Lean.Parser.Command.declaration
1116337	1117042	true	Lean.Parser.Command.declaration
1117043	1124902	false	Lean.Parser.Command.declaration
1124903	1125479	true	Lean.Parser.Command.declaration
1125480	1126071	true	Lean.Parser.Command.declaration
1126072	1126778	true	Lean.Parser.Command.declaration
1126779	1148012	false	Lean.Parser.Command.declaration
1148013	1148588	true	Lean.Parser.Command.declaration
1148589	1149179	true	Lean.Parser.Command.declaration
1149180	1149885	true	Lean.Parser.Command.declaration
1149886	1174531	false	Lean.Parser.Command.declaration
1174532	1175108	true	Lean.Parser.Command.declaration
1175109	1175700	true	Lean.Parser.Command.declaration
1175701	1176407	true	Lean.Parser.Command.declaration
1176408	1189831	false	Lean.Parser.Command.declaration
1189832	1190408	true	Lean.Parser.Command.declaration
1190409	1191000	true	Lean.Parser.Command.declaration
1191001	1191707	true	Lean.Parser.Command.declaration
1191708	1198092	false	Lean.Parser.Command.declaration
1198093	1198670	true	Lean.Parser.Command.declaration
1198671	1199263	true	Lean.Parser.Command.declaration
1199264	1199971	true	Lean.Parser.Command.declaration
1199972	1211649	false	Lean.Parser.Command.declaration
1211650	1212225	true	Lean.Parser.Command.declaration
1212226	1212816	true	Lean.Parser.Command.declaration
1212817	1213522	true	Lean.Parser.Command.declaration
1213523	1226500	false	Lean.Parser.Command.declaration
1226501	1227077	true	Lean.Parser.Command.declaration
1227078	1227669	true	Lean.Parser.Command.declaration
1227670	1228376	true	Lean.Parser.Command.declaration
1228377	1248327	false	Lean.Parser.Command.declaration
1248328	1248907	true	Lean.Parser.Command.declaration
1248908	1249504	true	Lean.Parser.Command.declaration
1249505	1250214	true	Lean.Parser.Command.declaration
1250215	1258830	false	Lean.Parser.Command.declaration
1258831	1259411	true	Lean.Parser.Command.declaration
1259412	1260009	true	Lean.Parser.Command.declaration
1260010	1260720	true	Lean.Parser.Command.declaration
1260721	1274184	false	Lean.Parser.Command.declaration
1274185	1274764	true	Lean.Parser.Command.declaration
1274765	1275361	true	Lean.Parser.Command.declaration
1275362	1276071	true	Lean.Parser.Command.declaration
1276072	1286294	false	Lean.Parser.Command.declaration
1286295	1286875	true	Lean.Parser.Command.declaration
1286876	1287473	true	Lean.Parser.Command.declaration
1287474	1288184	true	Lean.Parser.Command.declaration
1288185	1303128	false	Lean.Parser.Command.declaration
1303129	1303709	true	Lean.Parser.Command.declaration
1303710	1304307	true	Lean.Parser.Command.declaration
1304308	1305018	true	Lean.Parser.Command.declaration
1305019	1307385	false	Lean.Parser.Command.declaration
1307386	1307966	true	Lean.Parser.Command.declaration
1307967	1308564	true	Lean.Parser.Command.declaration
1308565	1309276	true	Lean.Parser.Command.declaration
1309277	1313781	false	Lean.Parser.Command.declaration
1313782	1314360	true	Lean.Parser.Command.declaration
1314361	1314956	true	Lean.Parser.Command.declaration
1314957	1315665	true	Lean.Parser.Command.declaration
1315666	1327645	false	Lean.Parser.Command.declaration
1327646	1328225	true	Lean.Parser.Command.declaration
1328226	1328822	true	Lean.Parser.Command.declaration
1328823	1329532	true	Lean.Parser.Command.declaration
1329533	1344524	false	Lean.Parser.Command.declaration
1344525	1345104	true	Lean.Parser.Command.declaration
1345105	1345701	true	Lean.Parser.Command.declaration
1345702	1346411	true	Lean.Parser.Command.declaration
1346412	1353189	false	Lean.Parser.Command.declaration
1353190	1353770	true	Lean.Parser.Command.declaration
1353771	1354368	true	Lean.Parser.Command.declaration
1354369	1355079	true	Lean.Parser.Command.declaration
1355080	1374241	false	Lean.Parser.Command.declaration
1374242	1374821	true	Lean.Parser.Command.declaration
1374822	1375418	true	Lean.Parser.Command.declaration
1375419	1376128	true	Lean.Parser.Command.declaration
1376129	1392038	false	Lean.Parser.Command.declaration
1392039	1392619	true	Lean.Parser.Command.declaration
1392620	1393217	true	Lean.Parser.Command.declaration
1393218	1393928	true	Lean.Parser.Command.declaration
1393929	1404676	false	Lean.Parser.Command.declaration
1404677	1405257	true	Lean.Parser.Command.declaration
1405258	1405855	true	Lean.Parser.Command.declaration
1405856	1406566	true	Lean.Parser.Command.declaration
1406567	1422454	false	Lean.Parser.Command.declaration
1422455	1423036	true	Lean.Parser.Command.declaration
1423037	1423635	true	Lean.Parser.Command.declaration
1423636	1424347	true	Lean.Parser.Command.declaration
1424348	1431698	false	Lean.Parser.Command.declaration
1431699	1432278	true	Lean.Parser.Command.declaration
1432279	1432875	true	Lean.Parser.Command.declaration
1432876	1433585	true	Lean.Parser.Command.declaration
1433586	1440368	false	Lean.Parser.Command.declaration
1440369	1440949	true	Lean.Parser.Command.declaration
1440950	1441547	true	Lean.Parser.Command.declaration
1441548	1442258	true	Lean.Parser.Command.declaration
1442259	1451700	false	Lean.Parser.Command.declaration
1451701	1452281	true	Lean.Parser.Command.declaration
1452282	1452879	true	Lean.Parser.Command.declaration
1452880	1453590	true	Lean.Parser.Command.declaration
1453591	1458153	false	Lean.Parser.Command.declaration
1458154	1458735	true	Lean.Parser.Command.declaration
1458736	1459334	true	Lean.Parser.Command.declaration
1459335	1460046	true	Lean.Parser.Command.declaration
1460047	1468463	false	Lean.Parser.Command.declaration
1468464	1469044	true	Lean.Parser.Command.declaration
1469045	1469642	true	Lean.Parser.Command.declaration
1469643	1470353	true	Lean.Parser.Command.declaration
1470354	1487442	false	Lean.Parser.Command.declaration
1487443	1488024	true	Lean.Parser.Command.declaration
1488025	1488623	true	Lean.Parser.Command.declaration
1488624	1489335	true	Lean.Parser.Command.declaration
1489336	1491673	false	Lean.Parser.Command.declaration
1491674	1492254	true	Lean.Parser.Command.declaration
1492255	1492852	true	Lean.Parser.Command.declaration
1492853	1493564	true	Lean.Parser.Command.declaration
1493565	1494518	false	Lean.Parser.Command.declaration
1494519	1495100	true	Lean.Parser.Command.declaration
1495101	1495699	true	Lean.Parser.Command.declaration
1495700	1496412	true	Lean.Parser.Command.declaration
1496413	1499118	true	Lean.Parser.Command.declaration
1499119	1499999	true	Lean.Parser.Command.declaration
1500000	1500173	true	Lean.Parser.Command.declaration
1500174	1500196	false	Lean.Parser.Command.end
1500197	1500200	false	Lean.Parser.Command.end
1500201	1500222	false	Lean.Parser.Command.section
1500223	1500241	false	Lean.Parser.Command.namespace
1500242	1500383	true	Lean.Parser.Command.declaration
1500384	1500910	true	Lean.Parser.Command.declaration
1500911	1501495	true	Lean.Parser.Command.declaration
1501496	1501508	false	Lean.Parser.Command.end
1501509	1501512	false	Lean.Parser.Command.end
1501513	1501534	false	Lean.Parser.Command.section
1501535	1501556	false	Lean.Parser.Command.namespace
1501557	1501568	false	Lean.Parser.Command.open
1501569	1501619	false	Lean.Parser.Command.open
1501620	1501635	false	Lean.Parser.Command.end
1501636	1501639	false	Lean.Parser.Command.end